pdb,chain,residue_id,wild,mutant,ddG
7kmb,F,19,S,A,0.060672613
7kmb,F,19,S,C,-1.169052119
7kmb,F,19,S,D,-1.353322083
7kmb,F,19,S,E,-1.436495922
7kmb,F,19,S,F,1.132165931
7kmb,F,19,S,G,-1.359747113
7kmb,F,19,S,H,-0.149969837
7kmb,F,19,S,I,0.771411093
7kmb,F,19,S,K,-0.592496327
7kmb,F,19,S,L,-0.494504888
7kmb,F,19,S,M,-0.548024831
7kmb,F,19,S,N,-0.388529563
7kmb,F,19,S,P,2.327818365
7kmb,F,19,S,Q,-1.455633413
7kmb,F,19,S,R,-0.515464051
7kmb,F,19,S,T,0.719980647
7kmb,F,19,S,V,1.088757967
7kmb,F,19,S,W,1.069376163
7kmb,F,19,S,Y,1.049411373
7kmb,F,23,E,A,-0.040874898
7kmb,F,23,E,C,0.872385261
7kmb,F,23,E,D,0.300275173
7kmb,F,23,E,F,1.866146538
7kmb,F,23,E,G,0.595429103
7kmb,F,23,E,H,0.225510483
7kmb,F,23,E,I,-0.500139094
7kmb,F,23,E,K,0.647777027
7kmb,F,23,E,L,0.248271868
7kmb,F,23,E,M,0.848188898
7kmb,F,23,E,N,0.700091755
7kmb,F,23,E,P,-0.40666475
7kmb,F,23,E,Q,0.903554081
7kmb,F,23,E,R,0.235217823
7kmb,F,23,E,S,0.488574367
7kmb,F,23,E,T,0.857332908
7kmb,F,23,E,V,0.044201469
7kmb,F,23,E,W,0.280470265
7kmb,F,23,E,Y,-0.143240823
7kmb,F,24,Q,A,-1.844535427
7kmb,F,24,Q,C,-1.755290647
7kmb,F,24,Q,D,-2.339595423
7kmb,F,24,Q,E,-0.891653952
7kmb,F,24,Q,F,-2.371839701
7kmb,F,24,Q,G,-1.775548973
7kmb,F,24,Q,H,-1.263367
7kmb,F,24,Q,I,-2.185156559
7kmb,F,24,Q,K,-1.590010053
7kmb,F,24,Q,L,-1.308850957
7kmb,F,24,Q,M,-1.200372253
7kmb,F,24,Q,N,-2.326883838
7kmb,F,24,Q,P,-0.152124509
7kmb,F,24,Q,R,-1.577833252
7kmb,F,24,Q,S,-1.819430118
7kmb,F,24,Q,T,1.573178331
7kmb,F,24,Q,V,-1.88008007
7kmb,F,24,Q,W,-1.130529961
7kmb,F,24,Q,Y,-3.380771932
7kmb,F,27,T,A,2.113424949
7kmb,F,27,T,C,2.416058053
7kmb,F,27,T,D,2.102280113
7kmb,F,27,T,E,-2.136211917
7kmb,F,27,T,F,2.29411711
7kmb,F,27,T,G,-2.05994115
7kmb,F,27,T,H,2.337142078
7kmb,F,27,T,I,-0.272447974
7kmb,F,27,T,K,1.65168607
7kmb,F,27,T,L,2.845073871
7kmb,F,27,T,M,2.554520658
7kmb,F,27,T,N,-0.17308296
7kmb,F,27,T,P,0.508105723
7kmb,F,27,T,Q,-0.752446705
7kmb,F,27,T,R,0.253123244
7kmb,F,27,T,S,0.765747546
7kmb,F,27,T,V,-1.118025671
7kmb,F,27,T,W,2.105297033
7kmb,F,27,T,Y,2.696162285
7kmb,F,28,F,A,-1.816917049
7kmb,F,28,F,C,-1.934251937
7kmb,F,28,F,D,-1.84083786
7kmb,F,28,F,E,-3.287141514
7kmb,F,28,F,G,-2.459403583
7kmb,F,28,F,H,-2.572818402
7kmb,F,28,F,I,-1.607994425
7kmb,F,28,F,K,-3.337257454
7kmb,F,28,F,L,-1.532870438
7kmb,F,28,F,M,-1.348871458
7kmb,F,28,F,N,-2.42854914
7kmb,F,28,F,P,-1.523697889
7kmb,F,28,F,Q,-2.362805991
7kmb,F,28,F,R,-1.993980002
7kmb,F,28,F,S,-1.645622365
7kmb,F,28,F,T,-1.778153217
7kmb,F,28,F,V,-2.052514658
7kmb,F,28,F,W,-0.994465843
7kmb,F,28,F,Y,0.804816895
7kmb,F,30,D,A,-1.586577896
7kmb,F,30,D,C,-1.997413103
7kmb,F,30,D,E,2.288573177
7kmb,F,30,D,F,-3.066712574
7kmb,F,30,D,G,-1.742235726
7kmb,F,30,D,H,-2.055747938
7kmb,F,30,D,I,1.619862939
7kmb,F,30,D,K,-1.759839288
7kmb,F,30,D,L,-1.075116549
7kmb,F,30,D,M,-0.582727127
7kmb,F,30,D,N,-1.433941738
7kmb,F,30,D,P,-1.917074257
7kmb,F,30,D,Q,-1.24384262
7kmb,F,30,D,R,-1.675786507
7kmb,F,30,D,S,-1.802289887
7kmb,F,30,D,T,0.537892783
7kmb,F,30,D,V,1.23776118
7kmb,F,30,D,W,-1.98561713
7kmb,F,30,D,Y,-1.474148213
7kmb,F,31,K,A,-1.937880013
7kmb,F,31,K,C,-1.758986585
7kmb,F,31,K,D,-2.241065898
7kmb,F,31,K,E,-1.502875505
7kmb,F,31,K,F,0.747993115
7kmb,F,31,K,G,-2.021889331
7kmb,F,31,K,H,-0.745466825
7kmb,F,31,K,I,-1.629452802
7kmb,F,31,K,L,-0.627436405
7kmb,F,31,K,M,-0.433588706
7kmb,F,31,K,N,-1.728456232
7kmb,F,31,K,P,-2.726431526
7kmb,F,31,K,Q,-1.621944548
7kmb,F,31,K,R,-1.609477184
7kmb,F,31,K,S,-2.060330982
7kmb,F,31,K,T,-2.304503671
7kmb,F,31,K,V,-1.871376654
7kmb,F,31,K,W,2.556795843
7kmb,F,31,K,Y,1.85233235
7kmb,F,34,H,A,3.169590798
7kmb,F,34,H,C,-1.296803399
7kmb,F,34,H,D,-2.026294244
7kmb,F,34,H,E,-1.172096787
7kmb,F,34,H,F,-2.427125184
7kmb,F,34,H,G,-0.792030802
7kmb,F,34,H,I,-1.486106144
7kmb,F,34,H,K,-1.864244697
7kmb,F,34,H,L,-1.519981579
7kmb,F,34,H,M,-0.678922072
7kmb,F,34,H,N,-1.042364084
7kmb,F,34,H,P,2.657773535
7kmb,F,34,H,Q,-1.603084113
7kmb,F,34,H,R,-1.076031319
7kmb,F,34,H,S,1.690542483
7kmb,F,34,H,T,-0.268389879
7kmb,F,34,H,V,2.873163045
7kmb,F,34,H,W,-0.327134622
7kmb,F,34,H,Y,-1.515592051
7kmb,F,35,E,A,0.587057077
7kmb,F,35,E,C,1.792121148
7kmb,F,35,E,D,1.413920565
7kmb,F,35,E,F,-1.773412403
7kmb,F,35,E,G,-0.103295483
7kmb,F,35,E,H,-0.999620099
7kmb,F,35,E,I,-0.703146424
7kmb,F,35,E,K,-1.199253155
7kmb,F,35,E,L,-0.483273792
7kmb,F,35,E,M,1.038520491
7kmb,F,35,E,N,-0.605978192
7kmb,F,35,E,P,-1.952483012
7kmb,F,35,E,Q,0.319742732
7kmb,F,35,E,R,-1.579162411
7kmb,F,35,E,S,-2.252393548
7kmb,F,35,E,T,-2.244417246
7kmb,F,35,E,V,1.743809459
7kmb,F,35,E,W,-0.965045322
7kmb,F,35,E,Y,-1.737133369
7kmb,F,37,E,A,-1.245710537
7kmb,F,37,E,C,-2.861086424
7kmb,F,37,E,D,-1.679090654
7kmb,F,37,E,F,-2.575986257
7kmb,F,37,E,G,-1.640329633
7kmb,F,37,E,H,-2.073115248
7kmb,F,37,E,I,-2.750385626
7kmb,F,37,E,K,-1.349986562
7kmb,F,37,E,L,-1.119730336
7kmb,F,37,E,M,-1.185256852
7kmb,F,37,E,N,-2.046584079
7kmb,F,37,E,P,-0.948705923
7kmb,F,37,E,Q,-1.040191719
7kmb,F,37,E,R,-1.950860902
7kmb,F,37,E,S,-1.8526704
7kmb,F,37,E,T,-1.135918345
7kmb,F,37,E,V,-1.497093032
7kmb,F,37,E,W,-1.77846276
7kmb,F,37,E,Y,-2.07932066
7kmb,F,38,D,A,-1.966357321
7kmb,F,38,D,C,-2.350536889
7kmb,F,38,D,E,-0.960791293
7kmb,F,38,D,F,-2.202993724
7kmb,F,38,D,G,-1.539454912
7kmb,F,38,D,H,-1.982170725
7kmb,F,38,D,I,-2.093586502
7kmb,F,38,D,K,-2.053145861
7kmb,F,38,D,L,-1.928483217
7kmb,F,38,D,M,-1.549916388
7kmb,F,38,D,N,-1.245188009
7kmb,F,38,D,P,-2.473839903
7kmb,F,38,D,Q,-1.584782648
7kmb,F,38,D,R,-2.367515973
7kmb,F,38,D,S,-2.045930157
7kmb,F,38,D,T,-1.836332844
7kmb,F,38,D,V,-1.963734719
7kmb,F,38,D,W,-2.409716816
7kmb,F,38,D,Y,-2.527085007
7kmb,F,41,Y,A,-1.778272114
7kmb,F,41,Y,C,-1.656995683
7kmb,F,41,Y,D,-2.151274403
7kmb,F,41,Y,E,-2.141420994
7kmb,F,41,Y,F,-2.186431074
7kmb,F,41,Y,G,-2.172099066
7kmb,F,41,Y,H,-1.199421801
7kmb,F,41,Y,I,-3.516975495
7kmb,F,41,Y,K,-2.49179144
7kmb,F,41,Y,L,-1.263060578
7kmb,F,41,Y,M,-1.754635553
7kmb,F,41,Y,N,-1.751902378
7kmb,F,41,Y,P,-2.387948596
7kmb,F,41,Y,Q,-1.13490304
7kmb,F,41,Y,R,1.680029786
7kmb,F,41,Y,S,-1.62671786
7kmb,F,41,Y,T,-1.827689004
7kmb,F,41,Y,V,-1.85766368
7kmb,F,41,Y,W,-2.238339336
7kmb,F,42,Q,A,-1.532154822
7kmb,F,42,Q,C,2.854285246
7kmb,F,42,Q,D,-2.165725811
7kmb,F,42,Q,E,-1.544639712
7kmb,F,42,Q,F,-1.707785902
7kmb,F,42,Q,G,-0.659698946
7kmb,F,42,Q,H,1.396359235
7kmb,F,42,Q,I,1.710103805
7kmb,F,42,Q,K,1.729243722
7kmb,F,42,Q,L,2.742127321
7kmb,F,42,Q,M,2.479722424
7kmb,F,42,Q,N,-1.437747661
7kmb,F,42,Q,P,-1.962861081
7kmb,F,42,Q,R,0.836305038
7kmb,F,42,Q,S,-1.105829747
7kmb,F,42,Q,T,0.394244544
7kmb,F,42,Q,V,1.91628483
7kmb,F,42,Q,W,-2.436008107
7kmb,F,42,Q,Y,-2.177500056
7kmb,F,45,L,A,-2.074592754
7kmb,F,45,L,C,-2.236576644
7kmb,F,45,L,D,-1.648904551
7kmb,F,45,L,E,-2.334910925
7kmb,F,45,L,F,-0.605911488
7kmb,F,45,L,G,-2.476797686
7kmb,F,45,L,H,-1.294714794
7kmb,F,45,L,I,0.204580045
7kmb,F,45,L,K,-2.143959939
7kmb,F,45,L,M,-0.11279614
7kmb,F,45,L,N,-1.772580139
7kmb,F,45,L,P,-1.480500583
7kmb,F,45,L,Q,-1.973918431
7kmb,F,45,L,R,-2.105413353
7kmb,F,45,L,S,-1.668263401
7kmb,F,45,L,T,-0.653661582
7kmb,F,45,L,V,-1.441386161
7kmb,F,45,L,W,-2.153717527
7kmb,F,45,L,Y,-1.329596052
7kmb,F,82,M,A,-1.507467862
7kmb,F,82,M,C,1.973161076
7kmb,F,82,M,D,-1.035775379
7kmb,F,82,M,E,-1.858689192
7kmb,F,82,M,F,0.127218952
7kmb,F,82,M,G,1.113801181
7kmb,F,82,M,H,0.197458399
7kmb,F,82,M,I,-0.428501783
7kmb,F,82,M,K,-0.329522676
7kmb,F,82,M,L,0.267389528
7kmb,F,82,M,N,0.028581525
7kmb,F,82,M,P,-1.39213594
7kmb,F,82,M,Q,-1.545868499
7kmb,F,82,M,R,1.087938468
7kmb,F,82,M,S,-0.88870544
7kmb,F,82,M,T,-1.465336652
7kmb,F,82,M,V,-1.510288911
7kmb,F,82,M,W,-0.477906535
7kmb,F,82,M,Y,-0.154316249
7kmb,F,83,Y,A,-0.372640699
7kmb,F,83,Y,C,0.406019733
7kmb,F,83,Y,D,-1.933998872
7kmb,F,83,Y,E,-2.565947112
7kmb,F,83,Y,F,-0.855281671
7kmb,F,83,Y,G,-1.940353072
7kmb,F,83,Y,H,-0.667134906
7kmb,F,83,Y,I,-0.480199491
7kmb,F,83,Y,K,-1.939157577
7kmb,F,83,Y,L,0.445559452
7kmb,F,83,Y,M,-0.60028472
7kmb,F,83,Y,N,-1.813963982
7kmb,F,83,Y,P,-1.98812703
7kmb,F,83,Y,Q,-2.34837658
7kmb,F,83,Y,R,-1.695824297
7kmb,F,83,Y,S,-1.268947829
7kmb,F,83,Y,T,-2.137980164
7kmb,F,83,Y,V,0.741663253
7kmb,F,83,Y,W,-0.648034981
7kmb,F,330,N,A,-0.830738057
7kmb,F,330,N,C,-1.860247761
7kmb,F,330,N,D,-0.993854894
7kmb,F,330,N,E,-0.80169427
7kmb,F,330,N,F,2.926671162
7kmb,F,330,N,G,-1.555369911
7kmb,F,330,N,H,2.641169139
7kmb,F,330,N,I,-0.959111102
7kmb,F,330,N,K,-1.061681501
7kmb,F,330,N,L,2.183314826
7kmb,F,330,N,M,-0.377442285
7kmb,F,330,N,P,-1.376162283
7kmb,F,330,N,Q,1.266753226
7kmb,F,330,N,R,-1.588946113
7kmb,F,330,N,S,-0.838912184
7kmb,F,330,N,T,-0.342242261
7kmb,F,330,N,V,-0.688040941
7kmb,F,330,N,W,2.951594156
7kmb,F,330,N,Y,3.080389554
7kmb,F,353,K,A,-2.657472026
7kmb,F,353,K,C,-2.149018198
7kmb,F,353,K,D,-2.441935308
7kmb,F,353,K,E,-1.28952008
7kmb,F,353,K,F,-1.706207599
7kmb,F,353,K,G,-2.517784201
7kmb,F,353,K,H,-2.567836163
7kmb,F,353,K,I,-2.201336829
7kmb,F,353,K,L,-1.984680839
7kmb,F,353,K,M,-1.527595771
7kmb,F,353,K,N,-1.57445751
7kmb,F,353,K,P,-1.85879448
7kmb,F,353,K,Q,-1.498379464
7kmb,F,353,K,R,-1.442100636
7kmb,F,353,K,S,-2.526863931
7kmb,F,353,K,T,-1.697881855
7kmb,F,353,K,V,-2.524225477
7kmb,F,353,K,W,-2.718354567
7kmb,F,353,K,Y,-1.664416324
7kmb,F,354,G,A,-1.775367286
7kmb,F,354,G,C,-1.748814988
7kmb,F,354,G,D,-1.383743172
7kmb,F,354,G,E,-1.903916
7kmb,F,354,G,F,-2.02116895
7kmb,F,354,G,H,-0.931026308
7kmb,F,354,G,I,-2.498149878
7kmb,F,354,G,K,-3.241201791
7kmb,F,354,G,L,-1.930898332
7kmb,F,354,G,M,-1.741207653
7kmb,F,354,G,N,-2.130611361
7kmb,F,354,G,P,-1.793484829
7kmb,F,354,G,Q,-2.501825187
7kmb,F,354,G,R,-2.241238713
7kmb,F,354,G,S,-1.744925235
7kmb,F,354,G,T,-2.076508254
7kmb,F,354,G,V,-1.782802207
7kmb,F,354,G,W,-1.721012355
7kmb,F,354,G,Y,-1.745074627
7kmb,F,355,D,A,-2.037624373
7kmb,F,355,D,C,-2.158469339
7kmb,F,355,D,E,-1.663271734
7kmb,F,355,D,F,-2.162515261
7kmb,F,355,D,G,-2.173100031
7kmb,F,355,D,H,-2.485223379
7kmb,F,355,D,I,-2.554183134
7kmb,F,355,D,K,-3.014939596
7kmb,F,355,D,L,-2.101042349
7kmb,F,355,D,M,-2.120747029
7kmb,F,355,D,N,-0.911052386
7kmb,F,355,D,P,-2.44321164
7kmb,F,355,D,Q,-2.159841102
7kmb,F,355,D,R,-2.270953922
7kmb,F,355,D,S,-2.24858047
7kmb,F,355,D,T,-1.609040344
7kmb,F,355,D,V,-1.83715273
7kmb,F,355,D,W,-2.238152336
7kmb,F,355,D,Y,-2.141015062
7kmb,F,357,R,A,-2.40884055
7kmb,F,357,R,C,-2.173937662
7kmb,F,357,R,D,-2.619083188
7kmb,F,357,R,E,-2.420381931
7kmb,F,357,R,F,-2.402617778
7kmb,F,357,R,G,-1.842539423
7kmb,F,357,R,H,-1.743957469
7kmb,F,357,R,I,-2.47519922
7kmb,F,357,R,K,-1.441892139
7kmb,F,357,R,L,-2.339251017
7kmb,F,357,R,M,-1.10528849
7kmb,F,357,R,N,-2.614563715
7kmb,F,357,R,P,-2.437999989
7kmb,F,357,R,Q,-1.727496101
7kmb,F,357,R,S,-1.899915052
7kmb,F,357,R,T,-1.364538857
7kmb,F,357,R,V,-2.302541339
7kmb,F,357,R,W,-1.51090146
7kmb,F,357,R,Y,-2.331580217
7kmb,F,393,R,A,0.953335812
7kmb,F,393,R,C,-0.051966747
7kmb,F,393,R,D,-2.290018189
7kmb,F,393,R,E,-0.5507715
7kmb,F,393,R,F,-1.987839027
7kmb,F,393,R,G,-0.265845113
7kmb,F,393,R,H,0.241802487
7kmb,F,393,R,I,-1.501603384
7kmb,F,393,R,K,1.97952458
7kmb,F,393,R,L,-0.273165731
7kmb,F,393,R,M,0.983834167
7kmb,F,393,R,N,-0.784016242
7kmb,F,393,R,P,-1.779024427
7kmb,F,393,R,Q,0.077918506
7kmb,F,393,R,S,-0.211521825
7kmb,F,393,R,T,-0.150800873
7kmb,F,393,R,V,-1.680874865
7kmb,F,393,R,W,-2.312693394
7kmb,F,393,R,Y,-1.999840342
