"Mutation:pdb_chains,mut_chain,wild,resid,mutant",Exp ddG,Prediction
"T55_AC,C_,D_,50_,A_",-1.556,0.832801103591919
"T55_AC,C_,D_,50_,C_",-5.283,1.5333715677261353
"T55_AC,C_,D_,50_,E_",-1.564,1.1978404521942139
"T55_AC,C_,D_,50_,F_",-6.055,2.144507884979248
"T55_AC,C_,D_,50_,G_",-1.036,0.44344860315322876
"T55_AC,C_,D_,50_,H_",-4.238,1.1272647380828857
"T55_AC,C_,D_,50_,I_",-3.824,2.026416778564453
"T55_AC,C_,D_,50_,K_",-7.443,1.796308994293213
"T55_AC,C_,D_,50_,L_",-3.578,1.9556995630264282
"T55_AC,C_,D_,50_,M_",-6.598,2.095470905303955
"T55_AC,C_,D_,50_,N_",-1.431,1.4649618864059448
"T55_AC,C_,D_,50_,P_",-1.67,1.986405372619629
"T55_AC,C_,D_,50_,Q_",-7.275,1.8533828258514404
"T55_AC,C_,D_,50_,R_",-6.909,2.1356005668640137
"T55_AC,C_,D_,50_,S_",-1.708,0.7071241140365601
"T55_AC,C_,D_,50_,T_",-2.587,1.0336638689041138
"T55_AC,C_,D_,50_,V_",-2.452,1.7879531383514404
"T55_AC,C_,D_,50_,W_",-7.955,2.7335972785949707
"T55_AC,C_,D_,50_,Y_",-2.297,2.148730754852295
"T55_AC,C_,A_,62_,C_",-5.335,-0.69313645362854
"T55_AC,C_,A_,62_,D_",-3.231,-0.08857262134552002
"T55_AC,C_,A_,62_,E_",-4.152,-0.23884892463684082
"T55_AC,C_,A_,62_,F_",-3.359,0.4982031583786011
"T55_AC,C_,A_,62_,G_",-0.448,1.5134973526000977
"T55_AC,C_,A_,62_,H_",-4.76,-0.10982275009155273
"T55_AC,C_,A_,62_,I_",-5.027,0.9385911226272583
"T55_AC,C_,A_,62_,K_",0.275,2.090935707092285
"T55_AC,C_,A_,62_,L_",-5.59,0.3640751838684082
"T55_AC,C_,A_,62_,M_",-5.826,0.44291478395462036
"T55_AC,C_,A_,62_,N_",-4.217,-0.9382455348968506
"T55_AC,C_,A_,62_,P_",-4.158,1.2919167280197144
"T55_AC,C_,A_,62_,Q_",-3.053,-0.30843210220336914
"T55_AC,C_,A_,62_,R_",-0.826,2.23612380027771
"T55_AC,C_,A_,62_,S_",-0.07,-1.9361603260040283
"T55_AC,C_,A_,62_,T_",-2.972,-1.9339685440063477
"T55_AC,C_,A_,62_,V_",-3.5,0.48847776651382446
"T55_AC,C_,A_,62_,W_",-6.381,0.7520613670349121
"T55_AC,C_,A_,62_,Y_",-7.71,-0.1353989839553833
"T55_BC,C_,S_,47_,A_",-1.429,1.1194088459014893
"T55_BC,C_,S_,47_,C_",-5.93,0.9902347922325134
"T55_BC,C_,S_,47_,D_",-4.528,0.4274967908859253
"T55_BC,C_,S_,47_,E_",-2.975,0.16129672527313232
"T55_BC,C_,S_,47_,F_",-1.381,0.6779575943946838
"T55_BC,C_,S_,47_,G_",-3.035,1.4763962030410767
"T55_BC,C_,S_,47_,H_",2.084,0.7686783671379089
"T55_BC,C_,S_,47_,I_",-2.392,0.9065197706222534
"T55_BC,C_,S_,47_,K_",-1.269,0.8925511837005615
"T55_BC,C_,S_,47_,L_",-3.048,0.9280417561531067
"T55_BC,C_,S_,47_,M_",-1.915,0.8013492822647095
"T55_BC,C_,S_,47_,N_",0.502,0.537943959236145
"T55_BC,C_,S_,47_,P_",-3.533,1.0606374740600586
"T55_BC,C_,S_,47_,Q_",-0.948,0.6144185066223145
"T55_BC,C_,S_,47_,R_",-3.703,0.8590724468231201
"T55_BC,C_,S_,47_,T_",0.846,0.7393479347229004
"T55_BC,C_,S_,47_,V_",-2.157,0.963758111000061
"T55_BC,C_,S_,47_,W_",-3.375,0.5381453037261963
"T55_BC,C_,S_,47_,Y_",-0.578,0.16365885734558105
"T55_BC,C_,M_,56_,A_",-3.985,2.0182666778564453
"T55_BC,C_,M_,56_,C_",-2.978,1.5856611728668213
"T55_BC,C_,M_,56_,D_",-5.257,1.7947455644607544
"T55_BC,C_,M_,56_,E_",-6.943,1.5372272729873657
"T55_BC,C_,M_,56_,F_",-6.04,0.6133097410202026
"T55_BC,C_,M_,56_,G_",-1.555,2.243969440460205
"T55_BC,C_,M_,56_,H_",4.91,1.0950398445129395
"T55_BC,C_,M_,56_,I_",0.491,1.4640332460403442
"T55_BC,C_,M_,56_,K_",-1.642,1.0421208143234253
"T55_BC,C_,M_,56_,L_",-0.356,1.395753026008606
"T55_BC,C_,M_,56_,N_",3.588,1.6682212352752686
"T55_BC,C_,M_,56_,P_",-5.72,1.7859183549880981
"T55_BC,C_,M_,56_,Q_",-2.72,1.565369725227356
"T55_BC,C_,M_,56_,R_",-1.667,0.9485304355621338
"T55_BC,C_,M_,56_,S_",-1.679,2.0328946113586426
"T55_BC,C_,M_,56_,T_",-0.762,1.7823644876480103
"T55_BC,C_,M_,56_,V_",0.368,1.7377095222473145
"T55_BC,C_,M_,56_,W_",-7.408,0.28856492042541504
"T55_BC,C_,M_,56_,Y_",1.699,0.7171294689178467
"T55_BC,C_,V_,60_,A_",-2.202,1.919421672821045
"T55_BC,C_,V_,60_,C_",-7.15,1.8689603805541992
"T55_BC,C_,V_,60_,D_",-2.704,1.2188308238983154
"T55_BC,C_,V_,60_,E_",-6.573,0.9346555471420288
"T55_BC,C_,V_,60_,F_",2.526,0.6809369325637817
"T55_BC,C_,V_,60_,G_",-4.036,2.626620054244995
"T55_BC,C_,V_,60_,H_",-5.943,1.164352536201477
"T55_BC,C_,V_,60_,I_",-0.198,1.1490556001663208
"T55_BC,C_,V_,60_,K_",-4.504,1.326157569885254
"T55_BC,C_,V_,60_,L_",2.545,1.1311631202697754
"T55_BC,C_,V_,60_,M_",-4.616,0.8453357219696045
"T55_BC,C_,V_,60_,N_",4.115,1.4255659580230713
"T55_BC,C_,V_,60_,P_",-4.328,2.3992059230804443
"T55_BC,C_,V_,60_,Q_",0.504,1.3684366941452026
"T55_BC,C_,V_,60_,R_",-4.619,1.303175687789917
"T55_BC,C_,V_,60_,S_",-2.384,1.668165683746338
"T55_BC,C_,V_,60_,T_",1.327,1.2874021530151367
"T55_BC,C_,V_,60_,W_",-6.976,0.7866233587265015
"T55_BC,C_,V_,60_,Y_",0.203,0.3769535422325134
"T55_BC,C_,K_,64_,A_",-3.04,1.4645462036132812
"T55_BC,C_,K_,64_,C_",-6.233,1.123622179031372
"T55_BC,C_,K_,64_,D_",-3.936,-0.2853275537490845
"T55_BC,C_,K_,64_,E_",-2.508,-0.8380379676818848
"T55_BC,C_,K_,64_,F_",-3.852,0.10839390754699707
"T55_BC,C_,K_,64_,G_",-4.679,1.6115782260894775
"T55_BC,C_,K_,64_,H_",-1.126,0.7749980092048645
"T55_BC,C_,K_,64_,I_",-6.6,1.0720597505569458
"T55_BC,C_,K_,64_,L_",-3.844,1.0582377910614014
"T55_BC,C_,K_,64_,M_",-2.88,0.5073285698890686
"T55_BC,C_,K_,64_,N_",-2.667,0.7882809638977051
"T55_BC,C_,K_,64_,P_",-4.613,1.2602812051773071
"T55_BC,C_,K_,64_,Q_",-3.167,0.46648478507995605
"T55_BC,C_,K_,64_,R_",0.24,0.9396921396255493
"T55_BC,C_,K_,64_,S_",-3.326,1.3336119651794434
"T55_BC,C_,K_,64_,T_",-3.841,1.033003807067871
"T55_BC,C_,K_,64_,V_",-5.478,1.257466197013855
"T55_BC,C_,K_,64_,W_",-4.803,-0.0998002290725708
"T55_BC,C_,K_,64_,Y_",-5.966,-0.5159457921981812
"T55_BC,C_,R_,65_,A_",-4.781,0.8145034313201904
"T55_BC,C_,R_,65_,C_",-4.834,0.07589232921600342
"T55_BC,C_,R_,65_,D_",-3.893,0.6787543892860413
"T55_BC,C_,R_,65_,E_",-4.021,0.39869725704193115
"T55_BC,C_,R_,65_,F_",-5.953,-0.8817784786224365
"T55_BC,C_,R_,65_,G_",-3.289,1.0759533643722534
"T55_BC,C_,R_,65_,H_",-2.967,-0.061839938163757324
"T55_BC,C_,R_,65_,I_",-3.076,-0.5987217426300049
"T55_BC,C_,R_,65_,K_",1.002,0.4563785791397095
"T55_BC,C_,R_,65_,L_",-3.212,-0.4850848913192749
"T55_BC,C_,R_,65_,M_",-3.03,-0.5549967288970947
"T55_BC,C_,R_,65_,N_",-4.494,0.15985697507858276
"T55_BC,C_,R_,65_,P_",-4.456,1.3439373970031738
"T55_BC,C_,R_,65_,Q_",-2.488,-0.04234969615936279
"T55_BC,C_,R_,65_,S_",-2.768,0.341608464717865
"T55_BC,C_,R_,65_,T_",-3.343,0.12810903787612915
"T55_BC,C_,R_,65_,V_",-4.436,0.06819987297058105
"T55_BC,C_,R_,65_,W_",-4.182,-0.768080472946167
"T55_BC,C_,R_,65_,Y_",-4.94,-0.75599205493927
"T55_BC,C_,P_,66_,A_",0.592,0.3227421045303345
"T55_BC,C_,P_,66_,C_",-6.206,0.04892468452453613
"T55_BC,C_,P_,66_,D_",-3.82,0.3439974784851074
"T55_BC,C_,P_,66_,E_",-4.894,-0.2536776065826416
"T55_BC,C_,P_,66_,F_",-3.433,-0.24381029605865479
"T55_BC,C_,P_,66_,G_",-2.116,0.20928633213043213
"T55_BC,C_,P_,66_,H_",-0.473,0.11486715078353882
"T55_BC,C_,P_,66_,I_",-2.091,0.27070802450180054
"T55_BC,C_,P_,66_,K_",3.172,0.435838520526886
"T55_BC,C_,P_,66_,L_",-2.859,0.21100807189941406
"T55_BC,C_,P_,66_,M_",-2.01,-0.17298293113708496
"T55_BC,C_,P_,66_,N_",-0.198,0.031468987464904785
"T55_BC,C_,P_,66_,Q_",-1.135,-0.14163267612457275
"T55_BC,C_,P_,66_,R_",1.404,0.408113956451416
"T55_BC,C_,P_,66_,S_",0.501,0.07523763179779053
"T55_BC,C_,P_,66_,T_",0.66,-0.013436079025268555
"T55_BC,C_,P_,66_,V_",-1.398,0.4030718207359314
"T55_BC,C_,P_,66_,W_",-5.041,-0.17002332210540771
"T55_BC,C_,P_,66_,Y_",-2.872,-0.5386706590652466
"T55_BC,C_,F_,69_,A_",-5.429,2.061279296875
"T55_BC,C_,F_,69_,C_",-3.395,2.334926128387451
"T55_BC,C_,F_,69_,D_",-3.332,3.137812852859497
"T55_BC,C_,F_,69_,E_",-8.112,2.723877429962158
"T55_BC,C_,F_,69_,G_",-4.31,2.95686674118042
"T55_BC,C_,F_,69_,H_",-2.691,1.9069852828979492
"T55_BC,C_,F_,69_,I_",-3.777,1.6024059057235718
"T55_BC,C_,F_,69_,K_",-4.439,2.6766843795776367
"T55_BC,C_,F_,69_,L_",-2.377,1.6075658798217773
"T55_BC,C_,F_,69_,M_",-2.662,1.6118147373199463
"T55_BC,C_,F_,69_,N_",-4.069,2.605459213256836
"T55_BC,C_,F_,69_,P_",-4.824,3.484663486480713
"T55_BC,C_,F_,69_,Q_",-4.325,2.401423931121826
"T55_BC,C_,F_,69_,R_",-4.375,2.551414728164673
"T55_BC,C_,F_,69_,S_",-4.016,2.2934415340423584
"T55_BC,C_,F_,69_,T_",-4.473,2.2913382053375244
"T55_BC,C_,F_,69_,V_",-4.724,1.6109771728515625
"T55_BC,C_,F_,69_,W_",-5.642,1.320068359375
"T55_BC,C_,F_,69_,Y_",0.385,1.320068359375
"T55_BC,C_,P_,70_,A_",4.293,0.4062778353691101
"T55_BC,C_,P_,70_,C_",-1.363,0.22674566507339478
"T55_BC,C_,P_,70_,D_",0.377,-0.06476545333862305
"T55_BC,C_,P_,70_,E_",2.686,0.2539125680923462
"T55_BC,C_,P_,70_,F_",3.511,0.29292505979537964
"T55_BC,C_,P_,70_,G_",1.796,0.5285594463348389
"T55_BC,C_,P_,70_,H_",3.091,0.4342040419578552
"T55_BC,C_,P_,70_,I_",4.138,0.4952719807624817
"T55_BC,C_,P_,70_,K_",2.995,0.5370025038719177
"T55_BC,C_,P_,70_,L_",3.345,0.47796630859375
"T55_BC,C_,P_,70_,M_",4.019,0.4286653995513916
"T55_BC,C_,P_,70_,N_",2.246,0.29941582679748535
"T55_BC,C_,P_,70_,Q_",3.124,0.43354910612106323
"T55_BC,C_,P_,70_,R_",3.545,0.5460264086723328
"T55_BC,C_,P_,70_,S_",3.41,0.3117266893386841
"T55_BC,C_,P_,70_,T_",3.066,0.2753738760948181
"T55_BC,C_,P_,70_,V_",4.58,0.467695951461792
"T55_BC,C_,P_,70_,W_",1.564,0.380742609500885
"T55_BC,C_,P_,70_,Y_",3.412,0.35418421030044556
