"Mutation:pdb_chains,mut_chain,wild,resid,mutant",Exp ddG,Prediction
,,
"1A22,A,C,171,A",1.01037276,0.679843783
,,
"1A22,B,C,67,A",0,0.662394762
,,
"1A22,B,C,81,A",0,0.805952311
,,
"1A22,A,D,160,A",0.79092403,0.453371853
,,
"1A22,B,D,119,A",1.486533659,0.614355743
,,
"1A22,B,D,85,A",0.993924797,0.942152441
,,
"1A22,A,E,163,A",-0.924608854,0.440681577
,,
"1A22,A,E,56,A",0.410656422,0.462849855
,,
"1A22,A,E,65,A",-0.473077469,0.006759703
,,
"1A22,B,E,12,A",1.692721881,1.611649752
,,
"1A22,B,E,34,A",-0.094238194,1.089347005
,,
"1A22,B,E,79,A",-0.18216992,0.70137924
,,
"1A22,B,E,86,A",0.970688408,0.486491054
,,
"1A22,A,F,165,A",0.410656422,1.550320029
,,
"1A22,A,F,25,A",-0.447314628,0.791976988
,,
"1A22,A,H,18,A",-0.486391557,0.290793717
,,
"1A22,A,H,21,A",0.155438229,0.418203652
,,
"1A22,A,I,168,A",0.806313259,1.241933227
,,
"1A22,B,I,120,A",2.130757194,0.043531001
,,
"1A22,B,I,62,A",1.607864515,1.833524585
,,
"1A22,B,I,64,A",1.941550898,0.921555161
,,
"1A22,A,K,157,A",-0.154846073,1.857466221
,,
"1A22,A,K,161,A",2.015046136,1.603736401
,,
"1A22,B,K,122,A",-0.017686447,0.300344586
,,
"1A22,B,K,80,A",0.081285077,-0.277286291
,,
"1A22,A,L,45,A",1.224516942,0.968458235
,,
"1A22,A,N,63,A",0.31437176,0.864060462
,,
"1A22,B,N,173,A",0.295628306,1.56483233
,,
"1A22,A,P,48,A",0.410656422,0.695665717
,,
"1A22,A,P,61,A",1.209325033,1.110942841
,,
"1A22,B,P,65,A",3.305722004,0.410701036
,,
"1A22,A,Q,22,A",-0.219837414,0.310823917
,,
"1A22,A,Q,46,A",0.108016768,0.792483032
,,
"1A22,A,Q,68,A",0.588453983,0.343856722
,,
"1A22,B,Q,121,A",0.017173724,0.727978349
,,
"1A22,B,Q,33,A",0,-0.475149512
,,
"1A22,A,R,156,A",0.278454583,0.749407113
,,
"1A22,A,R,167,A",2.425702558,1.217308879
,,
"1A22,A,R,64,A",1.642625689,0.259132743
,,
"1A22,B,R,11,A",2.11624744,1.316809893
,,
"1A22,B,R,11,L",0.521570272,0.831306398
,,
"1A22,B,R,11,M",1.000399746,1.424286842
,,
"1A22,B,R,172,A",0.274082223,1.055281162
,,
"1A22,B,R,30,A",0.535846914,0.805244982
,,
"1A22,A,S,51,A",0.348235376,0.525303543
,,
"1A22,A,S,62,A",0.155438229,-0.384805769
,,
"1A22,B,S,174,A",0.033863616,0.509833038
,,
"1A22,B,S,57,A",-0.054726757,0.542929053
,,
"1A22,B,S,61,A",-0.18216992,0.38042745
,,
"1A22,B,S,83,A",0.274082223,0.594903231
,,
"1A22,A,T,164,A",1.907029368,0.618499517
,,
"1A22,B,T,32,A",0.110913849,1.161016107
,,
"1A22,B,T,60,A",1.761612438,0.564639688
,,
"1A22,B,V,126,A",-0.617011414,0.652712464
,,
"1A22,B,W,35,A",0.514300831,0.805922866
,,
"1A22,B,W,63,F",2.784808917,1.547031641
,,
"1A22,A,Y,153,A",0.348235376,0.855892241
,,
"1A22,A,Y,42,A",0.199343644,1.14232862
,,
"1A4Y,A,D,435,A",3.485543704,3.096410513
,,
"1A4Y,A,E,344,A",0.178609696,0.73766762
,,
"1A4Y,A,E,401,A",0.883733891,1.238970041
,,
"1A4Y,B,E,108,A",-0.322724696,2.244270325
,,
"1A4Y,B,H,114,A",0.656829371,0.780461669
,,
"1A4Y,B,H,13,A",-0.296685313,1.547242403
,,
"1A4Y,B,H,84,A",0.170437815,0.713690042
,,
"1A4Y,B,H,8,A",0.904115084,0.001175821
,,
"1A4Y,A,I,459,A",0.679432461,0.499339551
,,
"1A4Y,A,K,320,A",-0.309999401,1.44822979
,,
"1A4Y,B,K,40,G",3.23680046,1.505930185
,,
"1A4Y,B,K,40,Q",4.25242773,1.595886946
,,
"1A4Y,B,N,68,A",0.117809586,0.769904017
,,
"1A4Y,B,Q,12,A",0.300265094,0.328585207
,,
"1A4Y,B,R,31,A",0.25052238,0.450813562
,,
"1A4Y,B,R,32,A",0.910250798,0.016590357
,,
"1A4Y,B,R,5,A",2.309282075,0.679201186
,,
"1A4Y,A,S,289,A",0.042336005,0.791653454
,,
"1A4Y,A,W,261,A",0.100657021,0.937171817
,,
"1A4Y,A,W,263,A",1.171373959,1.699121833
,,
"1A4Y,A,W,318,A",1.500745305,1.081329226
,,
"1A4Y,A,W,375,A",1.035362126,1.3247509
,,
"1A4Y,B,W,89,A",0.240218608,2.224317551
,,
"1A4Y,A,Y,434,A",3.262014988,4.845977306
,,
"1A4Y,A,Y,434,F",0.557857847,0.860796988
,,
"1A4Y,A,Y,437,A",0.83631243,2.252502203
,,
"1A4Y,A,Y,437,F",0.245260783,1.708941579
,,
"1ACB,I,L,38,D",6.866745711,5.135483742
,,
"1ACB,I,L,38,E",6.646428125,3.611065388
,,
"1ACB,I,L,38,G",6.118068856,4.540539742
,,
"1ACB,I,L,38,I",4.290150426,3.727254391
,,
"1ACB,I,L,38,P",6.949067779,7.502163887
,,
"1ACB,I,L,38,S",5.020848049,2.462939978
,,
"1AK4,D,A,88,G",4.01901808,1.76443243
,,
"1AK4,D,A,88,V",2.133933887,1.170134783
,,
"1AK4,D,A,92,G",1.945265343,1.812283039
,,
"1AK4,D,A,92,V",1.723277465,1.73335886
,,
"1AK4,D,G,89,A",3.441638288,2.899556637
,,
"1AK4,D,G,89,V",4.395152972,3.203464985
,,
"1AK4,D,H,87,A",2.374152495,2.891421318
,,
"1AK4,D,H,87,Q",2.337112186,2.546341896
,,
"1AK4,D,H,87,R",3.009874474,0.596894979
,,
"1AK4,D,I,91,A",1.604389714,1.535880089
,,
"1AK4,D,I,91,V",1.364171106,0.825433969
,,
"1AK4,D,P,85,A",2.44988763,2.313369751
,,
"1AK4,D,P,90,A",3.537181922,1.828080177
,,
"1AK4,D,P,93,A",2.047078368,1.819555998
,,
"1AK4,D,V,86,A",2.355921765,1.342474699
,,
"1B2S,A,A,27,K",-3.866295302,-4.958428383
,,
"1B2S,D,A,43,T",-4.168248453,-1.197489738
,,
"1B2U,A,A,27,K",-5.046028002,-4.712261677
,,
"1B2U,D,A,36,D",-4.168248453,-3.116193295
,,
"1B3S,A,A,102,H",-5.681903446,-1.678389788
,,
"1B3S,D,F,30,Y",0.596093822,1.709401727
,,
"1BRS,D,D,35,A",4.50316974,4.065491676
,,
"1BRS,D,D,39,A",7.650989163,2.351781845
,,
"1BRS,A,E,58,A",-0.325876043,1.982060194
,,
"1BRS,A,E,71,A",2.347719026,2.274585485
,,
"1BRS,A,E,71,C",2.52876154,2.195508718
,,
"1BRS,A,E,71,F",2.235179702,1.593058109
,,
"1BRS,A,E,71,Q",1.452102833,2.387363911
,,
"1BRS,A,E,71,S",3.010488096,2.174253941
,,
"1BRS,A,E,71,W",1.657254876,2.076174259
,,
"1BRS,A,E,71,Y",2.413733424,2.202673912
,,
"1BRS,D,E,74,A",1.364171106,2.307986259
,,
"1BRS,A,H,100,A",6.145795429,5.603581905
,,
"1BRS,A,H,100,D",4.550591201,5.048328876
,,
"1BRS,A,H,100,G",6.82085553,6.621984482
,,
"1BRS,A,H,100,L",7.666353446,4.258271217
,,
"1BRS,A,H,100,Q",4.550591201,4.797820091
,,
"1BRS,A,K,25,A",5.38094929,2.572089672
,,
"1BRS,A,N,56,A",3.066362645,3.162484884
,,
"1BRS,A,R,57,A",5.245371646,2.156567097
,,
"1BRS,A,R,57,K",2.488123605,3.260415792
,,
"1BRS,A,R,81,Q",5.420026219,3.118478537
,,
"1BRS,A,R,85,A",5.564701192,2.561910868
,,
"1BRS,D,T,42,A",1.857629768,1.604459167
,,
"1BRS,A,W,33,F",1.408076521,0.153451979
,,
"1BRS,D,W,38,F",1.642625689,0.599273682
,,
"1BRS,D,W,44,F",0.056466705,0.95979929
,,
"1BRS,D,Y,29,A",3.470544118,3.405006647
,,
"1BRS,D,Y,29,F",-0.13220184,0.976680577
,,
"1CSE,I,L,38,D",4.411842864,4.644920349
,,
"1CSE,I,L,38,E",2.382745825,4.097958088
,,
"1CSE,I,L,38,G",2.280577222,4.662924767
,,
"1CSE,I,L,38,I",2.98250151,2.757640839
,,
"1CSE,I,L,38,P",6.765445832,6.110488415
,,
"1CSE,I,L,38,S",1.188775505,3.875717163
,,
"1CSO,I,I,13,L",-4.481255789,-1.334595203
,,
"1CT0,I,S,13,L",-4.158234941,-4.682064056
,,
"1CT2,I,T,13,L",-3.204720258,-3.329166651
,,
"1CT4,I,V,13,L",-3.040177536,-2.699272156
,,
"1E96,A,I,33,N",2.043041201,2.704100847
,,
"1E96,A,N,26,H",1.104526103,1.687276363
,,
"1EAW,A,D,47,A",1.502775331,0.544000447
,,
"1EAW,A,D,91,A",0.654440449,0.720992982
,,
"1EAW,A,F,50,A",-0.428812654,0.997389317
,,
"1EAW,A,F,92,A",0.892020068,0.135531366
,,
"1EAW,A,H,138,A",-0.014480199,0.725101292
,,
"1EAW,A,I,26,A",-0.822506101,0.597220659
,,
"1EAW,A,Q,23,A",-0.518911649,0.441935956
,,
"1EAW,A,R,48,A",0.587614534,0.935017705
,,
"1EAW,A,Y,141,A",0.502153568,1.197417974
,,
"1EAW,A,Y,52,A",-0.078940669,0.392458737
,,
"1EFN,A,I,12,A",1.451026625,1.061344862
,,
"1EFN,A,T,13,H",1.243548501,0.601179481
,,
"1EMV,A,C,21,A",0.921969866,0.861604154
,,
"1EMV,A,D,49,A",5.918128521,2.539433718
,,
"1EMV,A,E,28,A",1.416634742,0.855268478
,,
"1EMV,A,E,39,A",2.08401368,4.027945995
,,
"1EMV,B,F,86,A",3.880681073,2.146596193
,,
"1EMV,A,G,47,A",1.486043509,1.24650228
,,
"1EMV,A,I,51,A",0.848125202,2.987619162
,,
"1EMV,B,K,97,A",1.96051476,0.223546922
,,
"1EMV,A,L,31,A",3.419278956,0.878175855
,,
"1EMV,A,N,22,A",0.13947128,-0.066593349
,,
"1EMV,B,N,72,A",1.165190818,1.093944669
,,
"1EMV,B,N,75,A",2.335586003,1.771695137
,,
"1EMV,A,P,45,A",0.43746878,1.616925716
,,
"1EMV,A,P,54,A",1.24284025,3.322547913
,,
"1EMV,B,Q,92,A",-0.277728093,1.070906878
,,
"1EMV,B,R,54,A",1.666447181,1.255803108
,,
"1EMV,A,S,26,A",0.173174318,-0.455705315
,,
"1EMV,A,S,27,A",0.956433173,0.546932757
,,
"1EMV,A,S,46,A",0.007269441,0.709168673
,,
"1EMV,A,S,48,A",2.188220454,2.54336071
,,
"1EMV,B,S,74,A",-0.241127974,-0.664771616
,,
"1EMV,B,S,77,A",-0.232993494,-0.308370769
,,
"1EMV,B,S,78,A",-0.540138508,0.203461885
,,
"1EMV,B,S,84,A",-0.109472425,-0.05095464
,,
"1EMV,A,T,25,A",0.728460209,0.943848431
,,
"1EMV,A,T,36,A",0.899966467,0.683366299
,,
"1EMV,B,T,87,A",0.158505768,0.84659034
,,
"1EMV,A,V,32,A",2.579450481,1.101335168
,,
"1EMV,A,V,35,A",1.66461242,2.939276695
,,
"1EMV,B,V,98,A",1.089340094,0.5716483
,,
"1EMV,A,Y,52,A",4.836801325,1.900576949
,,
"1EMV,A,Y,53,A",4.636832621,2.412153721
,,
"1F47,A,D,4,A",0.691506136,0.629604042
,,
"1F47,A,D,7,A",1.733658617,1.500176907
,,
"1F47,A,D,7,G",1.139341727,2.047547817
,,
"1F47,A,D,7,S",2.064861345,1.499071598
,,
"1F47,A,F,11,A",2.445482762,2.850398064
,,
"1F47,A,I,8,A",2.516245249,0.732667804
,,
"1F47,A,L,12,A",2.295326458,1.56158793
,,
"1F47,A,L,6,A",0.925431133,2.56032896
,,
"1F47,A,Q,15,A",-0.045595721,0.640832007
,,
"1F47,A,Y,5,A",0.869366929,1.719441772
,,
"1FC2,C,I,27,A",5.276767176,1.156132698
,,
"1FC2,C,K,31,A",1.526620683,0.640000343
,,
"1FC2,C,L,13,D",1.433951899,0.416979969
,,
"1FC2,C,N,24,A",0.605702337,0.911249399
,,
"1FC2,C,Y,10,W",0.410656422,-0.018412352
,,
"1FCC,C,D,40,A",0.27225084,2.343634605
,,
"1FCC,C,E,42,A",0.385441894,1.844362259
,,
"1FCC,C,K,28,A",1.256154338,0.890440583
,,
"1FCC,C,K,31,A",3.477555466,1.435381651
,,
"1FCC,C,N,35,A",2.365107251,1.12633872
,,
"1FCC,C,T,25,A",0.240218608,0.465847343
,,
"1FCC,C,W,43,A",3.773183772,3.733870029
,,
"1FFW,A,A,89,V",0.091326876,0.768414795
,,
"1FFW,B,C,55,A",0.20430143,1.233485818
,,
"1FFW,B,D,49,A",0.096284662,0.084805608
,,
"1FFW,B,E,13,A",0.716770878,2.756725311
,,
"1FFW,B,E,20,A",0.639142924,1.649965286
,,
"1FFW,B,F,56,A",3.645939719,1.372025847
,,
"1FFW,B,H,23,A",0.033863616,0.331533253
,,
"1FFW,B,I,58,A",0.427830146,1.781182528
,,
"1FFW,A,Y,105,W",0.713296076,1.115917444
,,
"1GC1,C,D,63,A",-0.319329546,0.285057157
,,
"1GC1,C,E,85,A",1.323296143,0.849366426
,,
"1GC1,C,H,27,A",0.282554613,0.256513655
,,
"1GC1,C,K,29,A",0.536238618,0.75574559
,,
"1GC1,C,K,35,A",0.32206605,0.653791606
,,
"1GC1,C,K,46,A",1.431018963,0.397668451
,,
"1GC1,C,L,44,A",1.056020231,2.056456566
,,
"1GC1,C,N,32,A",0.182653752,-0.007053256
,,
"1GC1,C,N,52,A",0.70833829,0.584102631
,,
"1GC1,C,Q,25,A",0.032032232,1.104187012
,,
"1GC1,C,Q,33,A",0.105267566,0.275442719
,,
"1GC1,C,Q,40,A",-0.410656422,-0.006047845
,,
"1GC1,C,Q,64,A",0.442688655,-0.291443884
,,
"1GC1,C,R,59,A",1.175913844,0.174123347
,,
"1GC1,C,S,23,A",0.292682244,0.674506426
,,
"1GC1,C,S,42,A",0,0.752712488
,,
"1GC1,C,S,60,A",-0.088590372,0.071475744
,,
"1GC1,C,T,45,A",-0.148891732,0.046741903
,,
"1GL0,I,M,28,K",-0.569589953,0.127007633
,,
"1GL1,I,L,29,V",4.259236688,1.380563498
,,
"1H9D,B,G,60,A",2.077467182,1.73017478
,,
"1H9D,B,L,93,A",0.940200596,1.520685554
,,
"1H9D,B,N,94,A",2.304371702,2.606995106
,,
"1H9D,B,Q,66,A",1.364171106,0.589544535
,,
"1H9D,B,R,2,A",1.162188473,1.284434557
,,
"1H9D,B,V,3,A",1.402407081,1.308195353
,,
"1HE8,A,K,80,V",0.475351759,0.422522604
,,
"1IAR,A,E,9,Q",3.112829308,1.902912498
,,
"1IAR,A,F,82,A",-0.086470685,0.993698597
,,
"1IAR,A,F,82,D",-0.580606822,0.424100727
,,
"1IAR,A,I,5,A",1.171373959,1.199504256
,,
"1IAR,A,I,5,R",0.796098316,0.587660432
,,
"1IAR,A,K,12,E",0.13947128,0.462202489
,,
"1IAR,A,K,12,S",-0.014812071,0.568035603
,,
"1IAR,A,N,89,A",1.558793992,0.799571097
,,
"1IAR,A,Q,78,A",0.124842093,0.247689784
,,
"1IAR,A,Q,78,E",0.245074799,-0.151281446
,,
"1IAR,A,Q,8,A",-0.022359332,0.344702035
,,
"1IAR,A,Q,8,R",0.038921287,0.072123945
,,
"1IAR,A,R,53,Q",0.835763609,1.769552469
,,
"1IAR,A,R,81,A",0.479623966,0.804076254
,,
"1IAR,A,R,81,E",1.461734376,0.820652425
,,
"1IAR,A,R,85,A",0.426888999,0.687562346
,,
"1IAR,A,R,85,E",1.22460952,0.718549013
,,
"1IAR,A,R,88,A",3.754717895,0.801096857
,,
"1IAR,A,R,88,Q",2.828999234,1.312995911
,,
"1IAR,A,T,13,A",0.978576813,1.037796617
,,
"1IAR,A,T,13,D",-0.218672525,0.994934678
,,
"1IAR,A,T,6,A",-0.103644409,0.830879867
,,
"1IAR,A,T,6,D",1.392728537,0.559946179
,,
"1IAR,A,W,91,A",0.729528653,0.826505125
,,
"1IAR,A,W,91,D",1.306606251,0.366367847
,,
"1JCK,B,F,176,A",2.133933887,-0.023947656
,,
"1JCK,B,K,103,A",0.676637871,1.099274397
,,
"1JCK,B,N,60,A",1.642625689,-0.090747774
,,
"1JCK,B,T,20,A",1.654841626,0.626779675
,,
"1JCK,B,V,91,A",2.232905411,2.292750359
,,
"1JCK,B,Y,26,A",1.774827528,2.062466621
,,
"1JCK,B,Y,90,A",2.596140373,-0.623524904
,,
"1JTG,B,D,163,A",-1.340934717,0.592196465
,,
"1JTG,B,D,163,K",-1.982764502,-0.400779337
,,
"1JTG,B,D,49,A",2.561484179,1.74100244
,,
"1JTG,A,E,143,A",-0.07258199,1.437643409
,,
"1JTG,A,E,79,A",1.552952553,2.262270689
,,
"1JTG,A,E,79,K",4.235390257,1.402812481
,,
"1JTG,A,E,85,A",4.061928361,0.261295915
,,
"1JTG,B,F,142,A",3.379217242,0.743378699
,,
"1JTG,B,F,36,A",3.201419681,2.012080669
,,
"1JTG,A,G,212,S",-1.631950589,0.26174739
,,
"1JTG,B,H,148,A",2.747888793,1.444468379
,,
"1JTG,B,H,41,A",3.249700391,1.768278837
,,
"1JTG,A,K,208,A",1.417237223,2.279558897
,,
"1JTG,B,K,74,A",3.559508955,-0.043459058
,,
"1JTG,A,M,104,A",0.738821032,2.196377993
,,
"1JTG,A,N,75,A",-0.455805179,-0.111263484
,,
"1JTG,A,P,82,A",-0.382756906,1.413454771
,,
"1JTG,A,Q,74,A",0.429601834,0.580762625
,,
"1JTG,A,R,217,A",1.339371289,0.534921646
,,
"1JTG,B,R,160,A",2.222204255,0.378367394
,,
"1JTG,A,S,105,A",0.791973143,1.720565319
,,
"1JTG,A,S,209,A",1.239082656,1.40652442
,,
"1JTG,B,S,113,A",-0.16837136,-0.764469564
,,
"1JTG,B,S,71,A",0.358089274,-0.700626791
,,
"1JTG,B,T,140,K",-0.014392254,0.81132412
,,
"1JTG,A,V,190,A",-0.406941977,0.896988511
,,
"1JTG,A,V,78,A",1.910743813,0.925833821
,,
"1JTG,B,W,112,A",3.010511239,0.485625029
,,
"1JTG,B,W,150,A",4.25356184,2.098528624
,,
"1JTG,B,W,162,A",2.34082663,0.666113496
,,
"1JTG,A,Y,80,A",-0.16837136,2.8766644
,,
"1JTG,B,Y,143,A",0.382029985,-0.426164389
,,
"1JTG,B,Y,50,A",-0.406941977,-0.276687562
,,
"1JTG,B,Y,53,A",2.077467182,1.198488593
,,
"1KAC,A,P,15,S",-0.793380642,1.628831029
,,
"1KAC,A,S,87,Y",-1.252759188,1.815359831
,,
"1KTZ,B,D,8,A",1.968190114,2.191257
,,
"1KTZ,B,D,8,N",2.446917939,2.612604618
,,
"1KTZ,B,D,94,A",1.261315745,1.743464589
,,
"1KTZ,B,E,31,A",1.663096316,0.65610218
,,
"1KTZ,B,E,95,A",1.94085184,1.591389179
,,
"1KTZ,B,E,95,Q",2.073752738,2.184597731
,,
"1KTZ,B,F,6,A",3.426638703,0.932210445
,,
"1KTZ,B,I,26,A",2.343054582,1.247020245
,,
"1KTZ,B,I,29,A",1.816812299,1.380401731
,,
"1KTZ,B,L,3,A",2.27149732,0.965654373
,,
"1KTZ,A,R,13,A",1.481581421,0.732286036
,,
"1KTZ,A,R,13,K",1.151697795,-0.263829827
,,
"1KTZ,A,R,64,A",2.884404403,0.831731617
,,
"1KTZ,A,R,64,K",2.201497141,1.612671137
,,
"1KTZ,B,S,25,A",0.773119459,0.043535471
,,
"1KTZ,B,S,28,A",0.663090967,1.882143021
,,
"1KTZ,B,S,28,L",4.484360161,0.774565339
,,
"1KTZ,B,T,27,A",1.960120269,2.061441898
,,
"1KTZ,A,V,62,I",0.24291771,0.88705492
,,
"1KTZ,B,V,53,A",0.861570349,1.43649292
,,
"1LFD,A,D,38,A",-0.579061809,-0.241823435
,,
"1LFD,A,D,38,K",-1.086480485,-1.179403305
,,
"1LFD,A,D,43,A",-0.279677394,1.382791162
,,
"1LFD,A,K,19,A",1.326342175,1.304205656
,,
"1LFD,A,K,39,A",1.179307661,0.832424283
,,
"1LFD,A,M,17,K",-0.920839879,0.147500336
,,
"1LFD,A,N,14,K",0.402972112,0.644468069
,,
"1LFD,A,N,41,K",-1.168327927,1.664646864
,,
"1LFD,A,R,7,A",1.136043775,1.615653634
,,
"1M9E,D,A,76,H",-2.374152495,-2.156615734
,,
"1MAH,A,D,71,N",1.734871808,1.190324068
,,
"1MAH,A,W,276,R",8.131130226,2.657950401
,,
"1MAH,A,Y,121,Q",2.772983136,2.096876383
,,
"1MAH,A,Y,69,N",4.816024337,2.182402849
,,
"1P69,A,S,15,P",0,1.934566379
,,
"1P6A,A,Y,87,S",0,2.651490927
,,
"1PPF,I,A,15,C",-0.673706956,0.255696893
,,
"1PPF,I,A,15,D",1.138229141,1.4068892
,,
"1PPF,I,A,15,E",0.105603518,2.317893982
,,
"1PPF,I,A,15,F",-0.072950204,-1.12666738
,,
"1PPF,I,A,15,G",1.138229141,0.985070586
,,
"1PPF,I,A,15,H",0.552887918,0.476754934
,,
"1PPF,I,A,15,I",0.329477586,-0.680638254
,,
"1PPF,I,A,15,K",1.127554041,1.882846236
,,
"1PPF,I,A,15,L",0.017792688,-0.537491322
,,
"1PPF,I,A,15,M",-0.401337566,-0.425486326
,,
"1PPF,I,A,15,N",0.915471345,0.912738562
,,
"1PPF,I,A,15,P",1.995459162,0.944974065
,,
"1PPF,I,A,15,Q",0.249774492,0.796846449
,,
"1PPF,I,A,15,R",-0.26417794,2.470312357
,,
"1PPF,I,A,15,S",0.756478548,0.723713994
,,
"1PPF,I,A,15,T",0.96283354,0.780011892
,,
"1PPF,I,A,15,V",0.208052563,-0.239290893
,,
"1PPF,I,A,15,W",-0.640845373,-0.251582921
,,
"1PPF,I,A,15,Y",-0.185067002,-0.755580783
,,
"1PPF,I,E,19,A",1.203289176,0.953447878
,,
"1PPF,I,E,19,C",1.40263282,1.237088203
,,
"1PPF,I,E,19,D",0.577924826,0.316799521
,,
"1PPF,I,E,19,F",1.364171106,1.432029009
,,
"1PPF,I,E,19,G",2.120649654,2.027983189
,,
"1PPF,I,E,19,H",0.69046415,0.838533759
,,
"1PPF,I,E,19,I",0.723325733,0.579455316
,,
"1PPF,I,E,19,K",2.120649654,1.911455393
,,
"1PPF,I,E,19,L",1.071087336,0.374631673
,,
"1PPF,I,E,19,M",1.14871529,0.919656098
,,
"1PPF,I,E,19,N",1.212693373,1.403604269
,,
"1PPF,I,E,19,P",3.210382817,2.517892838
,,
"1PPF,I,E,19,Q",0.660430914,0.752566457
,,
"1PPF,I,E,19,R",1.469774624,1.096862555
,,
"1PPF,I,E,19,S",1.846211711,1.892959714
,,
"1PPF,I,E,19,T",1.504980148,1.975061178
,,
"1PPF,I,E,19,V",1.159019063,0.369718552
,,
"1PPF,I,E,19,W",1.530075984,1.169395089
,,
"1PPF,I,E,19,Y",1.248884897,1.290627241
,,
"1PPF,I,G,32,A",0.235382238,1.61368382
,,
"1PPF,I,G,32,C",1.179104104,1.897383451
,,
"1PPF,I,G,32,D",2.49708674,1.653888941
,,
"1PPF,I,G,32,E",1.457558687,1.889896631
,,
"1PPF,I,G,32,F",1.481743758,1.936422229
,,
"1PPF,I,G,32,H",1.504980148,1.880740166
,,
"1PPF,I,G,32,I",4.372321046,1.995366693
,,
"1PPF,I,G,32,K",3.306267038,2.527108669
,,
"1PPF,I,G,32,L",3.12989781,1.995370388
,,
"1PPF,I,G,32,M",2.195335987,2.251488209
,,
"1PPF,I,G,32,N",1.613945598,1.87374723
,,
"1PPF,I,G,32,P",0.263825395,0.972262263
,,
"1PPF,I,G,32,Q",2.799726395,2.277569056
,,
"1PPF,I,G,32,R",4.848991866,2.244265795
,,
"1PPF,I,G,32,S",0.915471345,1.449385166
,,
"1PPF,I,G,32,T",2.812399648,1.847746372
,,
"1PPF,I,G,32,V",2.553068028,2.099871635
,,
"1PPF,I,G,32,W",1.643978834,2.809737682
,,
"1PPF,I,G,32,Y",1.203289176,2.66035676
,,
"1PPF,I,L,18,A",1.071087336,2.713744879
,,
"1PPF,I,L,18,C",-0.089523368,0.614135146
,,
"1PPF,I,L,18,D",7.613488284,6.546557426
,,
"1PPF,I,L,18,E",7.056237769,5.762485981
,,
"1PPF,I,L,18,F",5.169495748,1.624358892
,,
"1PPF,I,L,18,G",3.332898577,5.331997871
,,
"1PPF,I,L,18,H",6.471245807,2.331928015
,,
"1PPF,I,L,18,I",-0.73288305,5.0039258
,,
"1PPF,I,L,18,K",5.736492152,4.759333134
,,
"1PPF,I,L,18,M",1.257597584,1.235855818
,,
"1PPF,I,L,18,N",5.225428953,3.344063997
,,
"1PPF,I,L,18,P",6.147148575,9.658639908
,,
"1PPF,I,L,18,Q",3.306267038,3.559824467
,,
"1PPF,I,L,18,R",7.184541884,4.665079594
,,
"1PPF,I,L,18,S",3.092028565,4.368542194
,,
"1PPF,I,L,18,T",0.915471345,2.331684589
,,
"1PPF,I,L,18,V",-0.492664442,2.969064474
,,
"1PPF,I,L,18,W",7.544181263,2.839880466
,,
"1PPF,I,L,18,Y",6.635788529,2.476139545
,,
"1PPF,I,N,36,A",-1.64552277,-0.094674945
,,
"1PPF,I,N,36,C",0.604556365,0.252482474
,,
"1PPF,I,N,36,D",-3.077951935,0.644157946
,,
"1PPF,I,N,36,E",-1.01834898,0.54352355
,,
"1PPF,I,N,36,F",1.846211711,1.020902872
,,
"1PPF,I,N,36,G",-0.571538352,0.054023862
,,
"1PPF,I,N,36,H",-0.533006226,0.310765177
,,
"1PPF,I,N,36,I",0.871506664,0.592235088
,,
"1PPF,I,N,36,K",2.62176869,0.552899718
,,
"1PPF,I,N,36,L",2.647163376,0.698607087
,,
"1PPF,I,N,36,M",1.094323726,0.437008679
,,
"1PPF,I,N,36,P",-2.959597684,0.836982727
,,
"1PPF,I,N,36,Q",0.382923497,0.823561311
,,
"1PPF,I,N,36,R",1.869755947,1.191334963
,,
"1PPF,I,N,36,S",-1.346378418,0.487732947
,,
"1PPF,I,N,36,T",0.552887918,0.11566025
,,
"1PPF,I,N,36,V",0.345822126,0.465182781
,,
"1PPF,I,N,36,W",1.727857459,0.810076714
,,
"1PPF,I,N,36,Y",1.676840417,0.642154455
,,
"1PPF,I,P,14,A",-0.12412894,-0.554884672
,,
"1PPF,I,P,14,C",-2.005016479,-1.738679647
,,
"1PPF,I,P,14,D",-0.492664442,-1.962664485
,,
"1PPF,I,P,14,E",-1.429005402,-1.908352852
,,
"1PPF,I,P,14,F",-1.856835548,-0.918040276
,,
"1PPF,I,P,14,G",0.093387581,-0.835043371
,,
"1PPF,I,P,14,H",-1.765508672,-0.99811995
,,
"1PPF,I,P,14,I",-1.651359783,-1.561903834
,,
"1PPF,I,P,14,K",-0.448699761,-0.524651587
,,
"1PPF,I,P,14,L",-2.923366625,-1.476132512
,,
"1PPF,I,P,14,M",-1.574452636,-1.457648277
,,
"1PPF,I,P,14,N",-0.640845373,-1.175565243
,,
"1PPF,I,P,14,Q",-0.811283188,-1.266298652
,,
"1PPF,I,P,14,R",-0.137645541,-0.210487187
,,
"1PPF,I,P,14,S",-0.571538352,-0.025865495
,,
"1PPF,I,P,14,T",-0.26417794,-0.319898963
,,
"1PPF,I,P,14,V",-1.525053036,-0.695890725
,,
"1PPF,I,P,14,W",-2.005016479,-1.214325905
,,
"1PPF,I,P,14,Y",-0.962615508,-1.466421604
,,
"1PPF,I,R,21,A",0.208052563,0.007570505
,,
"1PPF,I,R,21,C",-0.081178836,0.372021496
,,
"1PPF,I,R,21,D",0.208052563,0.253286719
,,
"1PPF,I,R,21,E",0.460850242,0.135858983
,,
"1PPF,I,R,21,F",-0.981247609,0.079362303
,,
"1PPF,I,R,21,G",0.577924826,0.468391061
,,
"1PPF,I,R,21,H",-0.492664442,0.044161558
,,
"1PPF,I,R,21,I",-0.811283188,0.002507806
,,
"1PPF,I,R,21,K",0.604556365,-0.344536245
,,
"1PPF,I,R,21,L",-0.858586265,0.014631748
,,
"1PPF,I,R,21,M",-0.759614741,-0.016636491
,,
"1PPF,I,R,21,N",0.329477586,0.048303723
,,
"1PPF,I,R,21,P",6.705569322,2.144883394
,,
"1PPF,I,R,21,Q",-0.018343632,0.040574431
,,
"1PPF,I,R,21,S",0.419619558,0.074222624
,,
"1PPF,I,R,21,T",-0.018343632,0.062767982
,,
"1PPF,I,R,21,V",-0.349609723,0.201805472
,,
"1PPF,I,R,21,W",-0.533006226,0.217533737
,,
"1PPF,I,R,21,Y",0.220631634,-0.000954807
,,
"1PPF,I,T,17,A",3.48482076,2.260723591
,,
"1PPF,I,T,17,C",2.087496839,1.890237212
,,
"1PPF,I,T,17,D",4.923678199,3.505383492
,,
"1PPF,I,T,17,E",3.041011523,3.947364807
,,
"1PPF,I,T,17,F",1.709993232,2.48131609
,,
"1PPF,I,T,17,G",3.599848876,3.847382069
,,
"1PPF,I,T,17,H",1.693648692,1.878585815
,,
"1PPF,I,T,17,I",1.493475864,1.158436775
,,
"1PPF,I,T,17,K",3.388773126,2.006374121
,,
"1PPF,I,T,17,L",2.279642451,1.317269206
,,
"1PPF,I,T,17,M",2.502400247,1.598608136
,,
"1PPF,I,T,17,N",2.698713439,2.249452591
,,
"1PPF,I,T,17,P",3.074164338,3.840440512
,,
"1PPF,I,T,17,Q",1.968727471,2.322576523
,,
"1PPF,I,T,17,R",3.451667945,2.28332448
,,
"1PPF,I,T,17,S",1.504980148,1.68540442
,,
"1PPF,I,T,17,V",1.481743758,1.9106704
,,
"1PPF,I,T,17,W",2.195335987,3.389014721
,,
"1PPF,I,T,17,Y",2.480854164,1.69713521
,,
"1PPF,I,Y,20,A",3.210382817,2.540088654
,,
"1PPF,I,Y,20,C",3.451667945,2.366622925
,,
"1PPF,I,Y,20,D",6.419517964,5.312203407
,,
"1PPF,I,Y,20,E",6.419517964,3.734855652
,,
"1PPF,I,Y,20,F",0.482040605,0.215840906
,,
"1PPF,I,Y,20,G",4.185900899,4.681702614
,,
"1PPF,I,Y,20,H",2.378732489,2.908769369
,,
"1PPF,I,Y,20,I",3.931631388,2.116853237
,,
"1PPF,I,Y,20,K",4.494068917,4.166172028
,,
"1PPF,I,Y,20,L",1.374910711,1.499057055
,,
"1PPF,I,Y,20,M",2.812399648,2.324776411
,,
"1PPF,I,Y,20,N",3.643813557,4.500179768
,,
"1PPF,I,Y,20,P",5.367161057,6.845597267
,,
"1PPF,I,Y,20,Q",4.697069683,4.068961143
,,
"1PPF,I,Y,20,R",4.372321046,4.356174469
,,
"1PPF,I,Y,20,S",3.643813557,3.545940876
,,
"1PPF,I,Y,20,T",5.055346858,4.42643404
,,
"1PPF,I,Y,20,V",4.185900899,2.977647305
,,
"1PPF,I,Y,20,W",0.235382238,0.53917098
,,
"1R0R,I,A,10,C",-0.483467667,0.113645732
,,
"1R0R,I,A,10,D",5.228434951,2.227200508
,,
"1R0R,I,A,10,E",4.577856073,1.382880569
,,
"1R0R,I,A,10,F",-2.242999458,-0.267403483
,,
"1R0R,I,A,10,G",1.111736561,1.776619911
,,
"1R0R,I,A,10,H",1.774827528,0.877815247
,,
"1R0R,I,A,10,I",-1.7995166,0.190769911
,,
"1R0R,I,A,10,K",3.072984237,3.205159664
,,
"1R0R,I,A,10,L",-1.755011233,-0.085237116
,,
"1R0R,I,A,10,M",-1.739622005,0.027634203
,,
"1R0R,I,A,10,N",2.09533141,1.456516981
,,
"1R0R,I,A,10,P",3.345353626,2.159920216
,,
"1R0R,I,A,10,Q",1.810981734,1.742885232
,,
"1R0R,I,A,10,R",5.530481857,1.978395939
,,
"1R0R,I,A,10,S",1.741674713,1.487110615
,,
"1R0R,I,A,10,T",1.268123472,1.354119539
,,
"1R0R,I,A,10,V",-0.953514684,-0.000876606
,,
"1R0R,I,A,10,W",0.207065792,-0.905457973
,,
"1R0R,I,A,10,Y",-0.838486568,-0.405305028
,,
"1R0R,I,E,14,A",2.089436316,2.436483622
,,
"1R0R,I,E,14,C",2.371582201,2.299931049
,,
"1R0R,I,E,14,D",0.258734239,1.519658327
,,
"1R0R,I,E,14,F",3.618090896,2.178598642
,,
"1R0R,I,E,14,G",2.711997673,3.513234138
,,
"1R0R,I,E,14,H",1.70881313,1.320330858
,,
"1R0R,I,E,14,I",0.736997316,0.871489167
,,
"1R0R,I,E,14,K",2.711997673,2.513896227
,,
"1R0R,I,E,14,L",0.569649219,1.62559247
,,
"1R0R,I,E,14,M",1.571236898,1.120638013
,,
"1R0R,I,E,14,N",2.118342146,2.079371452
,,
"1R0R,I,E,14,P",3.76448388,3.751757383
,,
"1R0R,I,E,14,Q",1.282174375,1.332139015
,,
"1R0R,I,E,14,R",2.09533141,2.02492094
,,
"1R0R,I,E,14,S",3.17515284,2.851891994
,,
"1R0R,I,E,14,T",4.252276033,2.379703045
,,
"1R0R,I,E,14,V",0.094771374,1.302147388
,,
"1R0R,I,E,14,W",1.849513861,1.757915258
,,
"1R0R,I,E,14,Y",1.889855644,1.815218687
,,
"1R0R,I,K,8,A",-0.610000066,-0.648962319
,,
"1R0R,I,K,8,C",-0.615669506,-0.517279744
,,
"1R0R,I,K,8,D",-0.593310174,-0.480319589
,,
"1R0R,I,K,8,E",-0.110439888,0.105266273
,,
"1R0R,I,K,8,F",-0.794521887,0.115617216
,,
"1R0R,I,K,8,G",-0.838486568,-0.238306105
,,
"1R0R,I,K,8,H",-0.593310174,0.078982532
,,
"1R0R,I,K,8,I",1.123952498,-0.350326359
,,
"1R0R,I,K,8,L",-0.328029438,-1.087126493
,,
"1R0R,I,K,8,M",-0.561277942,-0.575031757
,,
"1R0R,I,K,8,N",-0.390840127,-0.112875044
,,
"1R0R,I,K,8,P",1.347826567,0.843832493
,,
"1R0R,I,K,8,Q",-0.530889128,-0.433228314
,,
"1R0R,I,K,8,R",0.136218479,-0.072532952
,,
"1R0R,I,K,8,S",-0.307360412,-1.39642024
,,
"1R0R,I,K,8,T",0.889748683,-1.062363863
,,
"1R0R,I,K,8,V",0.410656422,-0.355138421
,,
"1R0R,I,K,8,W",-1.105436867,0.164462626
,,
"1R0R,I,K,8,Y",-0.695431849,0.175299466
,,
"1R0R,I,L,13,A",0.314608788,1.341274261
,,
"1R0R,I,L,13,C",-1.346306879,0.360677272
,,
"1R0R,I,L,13,D",4.539323946,3.23717618
,,
"1R0R,I,L,13,E",2.177368043,3.976834536
,,
"1R0R,I,L,13,F",0.617011414,0.580021679
,,
"1R0R,I,L,13,G",2.352891313,3.247174263
,,
"1R0R,I,L,13,H",0.569649219,2.166315079
,,
"1R0R,I,L,13,I",3.25402675,0.369158894
,,
"1R0R,I,L,13,K",3.345353626,1.072929382
,,
"1R0R,I,L,13,M",-0.51625994,0.362874806
,,
"1R0R,I,L,13,N",1.500389585,2.311146259
,,
"1R0R,I,L,13,P",7.687726778,4.249648571
,,
"1R0R,I,L,13,Q",0.569649219,1.275739551
,,
"1R0R,I,L,13,R",2.935408004,2.732366562
,,
"1R0R,I,L,13,S",1.571236898,2.02170229
,,
"1R0R,I,L,13,T",0.159762715,0.907221138
,,
"1R0R,I,L,13,V",2.156578121,0.675278425
,,
"1R0R,I,L,13,W",1.523933821,3.121869564
,,
"1R0R,I,L,13,Y",0.446810628,0.989182115
,,
"1R0R,I,P,9,A",-0.638905896,0.343150198
,,
"1R0R,I,P,9,C",-0.986667499,0.068245918
,,
"1R0R,I,P,9,D",-2.52127642,0.227963746
,,
"1R0R,I,P,9,E",-2.242999458,0.092357099
,,
"1R0R,I,P,9,F",1.382035333,0.051533937
,,
"1R0R,I,P,9,G",-0.345822126,0.572590828
,,
"1R0R,I,P,9,H",-0.216517368,0.3696962
,,
"1R0R,I,P,9,I",1.741674713,0.176322043
,,
"1R0R,I,P,9,K",0.344642024,0.456546932
,,
"1R0R,I,P,9,L",1.184253858,0.130815148
,,
"1R0R,I,P,9,M",-0.033152815,0.045213401
,,
"1R0R,I,P,9,N",-0.917360478,0.33789435
,,
"1R0R,I,P,9,Q",-1.414623019,0.319515586
,,
"1R0R,I,P,9,R",1.102406416,0.443430871
,,
"1R0R,I,P,9,S",0.136218479,0.413385361
,,
"1R0R,I,P,9,T",1.197749931,0.319515586
,,
"1R0R,I,P,9,V",1.331018291,0.137611866
,,
"1R0R,I,P,9,W",0.485342755,-0.171462178
,,
"1R0R,I,P,9,Y",0.85746705,0.273626149
,,
"1R0R,I,R,16,A",-0.096047634,0.629152715
,,
"1R0R,I,R,16,C",0.115028116,1.17685008
,,
"1R0R,I,R,16,D",-0.179917248,0.529986978
,,
"1R0R,I,R,16,E",0.344642024,0.570512176
,,
"1R0R,I,R,16,F",0.446810628,0.207600921
,,
"1R0R,I,R,16,G",2.089436316,1.521299005
,,
"1R0R,I,R,16,H",0.525684538,0.361060143
,,
"1R0R,I,R,16,I",0.207065792,0.034527183
,,
"1R0R,I,R,16,K",-0.096047634,0.725287199
,,
"1R0R,I,R,16,L",0.2321027,0.049207151
,,
"1R0R,I,R,16,M",0.446810628,-0.183596015
,,
"1R0R,I,R,16,N",-0.050451912,0.867313623
,,
"1R0R,I,R,16,P",7.39050475,5.240480423
,,
"1R0R,I,R,16,Q",0.182406949,0.143153727
,,
"1R0R,I,R,16,S",-0.01634454,0.499344885
,,
"1R0R,I,R,16,T",0.344642024,0.466150343
,,
"1R0R,I,R,16,V",0.115028116,0.201034784
,,
"1R0R,I,R,16,W",0.945398776,0.490848422
,,
"1R0R,I,R,16,Y",0.823324568,0.13630721
,,
"1R0R,I,T,12,A",1.173231177,1.901038408
,,
"1R0R,I,T,12,C",0.813196937,1.50963068
,,
"1R0R,I,T,12,D",2.888104927,3.852423668
,,
"1R0R,I,T,12,E",3.213684967,3.065992355
,,
"1R0R,I,T,12,F",-0.066014398,1.411736131
,,
"1R0R,I,T,12,G",3.138998634,2.597405672
,,
"1R0R,I,T,12,H",0.525684538,1.833712459
,,
"1R0R,I,T,12,I",0.258734239,1.271629691
,,
"1R0R,I,T,12,K",1.933820325,1.929207921
,,
"1R0R,I,T,12,L",0.668739257,1.509908795
,,
"1R0R,I,T,12,M",1.331018291,1.00985074
,,
"1R0R,I,T,12,N",0.017864227,1.59049058
,,
"1R0R,I,T,12,P",4.949980368,1.896007538
,,
"1R0R,I,T,12,Q",2.221638156,1.102940798
,,
"1R0R,I,T,12,R",3.345353626,1.839598894
,,
"1R0R,I,T,12,S",0.889748683,1.166786313
,,
"1R0R,I,T,12,V",0.937170144,1.209318399
,,
"1R0R,I,T,12,W",2.935408004,1.330721855
,,
"1R0R,I,T,12,Y",-0.878828351,1.676254272
,,
"1R0R,I,Y,15,A",5.474548652,4.351345062
,,
"1R0R,I,Y,15,C",3.25402675,3.883336544
,,
"1R0R,I,Y,15,D",5.771293213,5.062763691
,,
"1R0R,I,Y,15,E",4.618197856,5.732549667
,,
"1R0R,I,Y,15,F",0.617011414,0.894561291
,,
"1R0R,I,Y,15,G",6.402083201,5.281322479
,,
"1R0R,I,Y,15,H",3.471119594,2.657878876
,,
"1R0R,I,Y,15,I",2.864560691,4.183588982
,,
"1R0R,I,Y,15,K",5.512417897,3.741704941
,,
"1R0R,I,Y,15,L",2.575116504,2.678250313
,,
"1R0R,I,Y,15,M",3.138998634,3.392077446
,,
"1R0R,I,Y,15,N",5.61644714,4.083133698
,,
"1R0R,I,Y,15,P",6.654434355,6.943470955
,,
"1R0R,I,Y,15,Q",4.50316974,4.539399147
,,
"1R0R,I,Y,15,R",4.470016925,4.16647625
,,
"1R0R,I,Y,15,S",5.162713328,4.900865078
,,
"1R0R,I,Y,15,T",5.474548652,5.800733566
,,
"1R0R,I,Y,15,V",3.510074128,4.867284298
,,
"1R0R,I,Y,15,W",-0.364165758,1.416931629
,,
"1S0W,C,A,142,F",-2.102992138,0.931521714
,,
"1S1Q,A,D,44,A",0.965521137,0.977742374
,,
"1S1Q,A,F,42,A",0.199343644,2.333274364
,,
"1S1Q,A,F,86,A",0.775250441,2.323815346
,,
"1S1Q,A,N,43,A",1.231969266,0.737596512
,,
"1S1Q,A,V,41,A",0.670752703,1.382548332
,,
"1S1Q,A,W,73,A",0.280782491,2.002883673
,,
"1SBB,B,L,20,T",-0.091326876,1.41676414
,,
"1SBB,B,V,26,Y",-1.455497982,0.140598416
,,
"1SBB,B,Y,91,V",0.079110938,0.903398752
,,
"1SBN,I,R,38,K",-0.309999401,0.591471195
,,
"1SGD,I,D,13,L",-5.66865879,-5.823694706
,,
"1SGE,I,E,13,L",-5.982758221,-4.6673069
,,
"1SGN,I,N,13,L",-3.399816916,-3.469232082
,,
"1SGP,I,A,13,L",-2.989160494,-2.427099943
,,
"1SGQ,I,G,13,L",-5.003495829,-5.572635651
,,
"1SGY,I,Y,13,L",-1.67600643,-2.521454096
,,
"1SMF,I,E,8,A",1.012809328,0.527456999
,,
"1SMF,I,I,5,A",3.511419082,1.303107977
,,
"1SMF,I,S,4,A",1.899971617,1.454477787
,,
"1SMF,I,T,2,A",2.046051766,3.729573011
,,
"1TM1,I,E,41,A",2.924655405,2.911963463
,,
"1TM1,I,E,41,S",2.747768608,3.13860178
,,
"1TM1,I,M,40,A",1.027667836,1.398794651
,,
"1TM1,I,M,40,F",1.027667836,1.122502446
,,
"1TM1,I,M,40,G",2.232905411,2.787376881
,,
"1TM1,I,M,40,K",1.093563684,2.221762657
,,
"1TM1,I,M,40,Y",0.056466705,1.874820948
,,
"1TM1,I,R,43,A",1.256154338,2.548348427
,,
"1TM1,I,R,48,A",2.92343887,3.876218081
,,
"1TM1,I,R,48,C",3.235801465,2.177054405
,,
"1TM1,I,T,39,A",2.572395949,2.483649015
,,
"1TM1,I,T,39,D",2.099073717,2.415158749
,,
"1TM1,I,T,39,P",3.756010048,2.619894505
,,
"1TM1,I,Y,42,A",2.179529609,3.707303047
,,
"1TM1,I,Y,42,G",4.680967302,2.171833038
,,
"1TM3,I,K,40,M",-1.093563684,-0.477999151
,,
"1TM4,I,G,40,M",-2.232905411,-1.67424798
,,
"1TM5,I,A,40,M",-1.027667836,-1.037143588
,,
"1TM7,I,Y,40,M",-0.056466705,0.824444413
,,
"1TMG,I,F,40,M",-1.027667836,-0.070750356
,,
"1TO1,I,A,42,Y",-2.981582267,-2.162981749
,,
"1UUZ,A,C,64,A",0.65087503,2.022002935
,,
"1UUZ,A,H,62,A",1.774827528,1.965797424
,,
"1UUZ,A,H,62,D",3.379217242,1.229586124
,,
"1UUZ,A,H,62,N",1.519609335,1.697704554
,,
"1UUZ,A,H,62,Q",1.519609335,2.469258785
,,
"1X1X,D,A,76,E",-0.823552741,-2.292520046
,,
"1XD3,B,D,39,A",-0.410656422,0.810826898
,,
"1XD3,B,H,68,N",0,1.500090003
,,
"1XD3,B,I,44,A",0.265981448,1.563641906
,,
"1XD3,B,K,11,R",1.402407081,0.474890977
,,
"1XD3,B,K,27,A",-0.062421047,0.525399089
,,
"1XD3,B,K,27,R",0.265981448,0.55883956
,,
"1XD3,B,K,6,A",1.344086065,0.314037323
,,
"1XD3,B,K,6,R",0.302639654,0.753758371
,,
"1XD3,B,L,8,A",2.676792149,1.094532967
,,
"1XD3,B,R,42,L",-0.862187808,1.101729274
,,
"1XD3,B,R,72,L",1.30175006,0.850661755
,,
"1XD3,B,R,74,L",2.377732276,-0.024816573
,,
"1Y1K,I,A,39,T",-2.728342212,-2.763445854
,,
"1Y33,I,P,39,T",-3.756010048,-2.11955452
,,
"1Y34,I,A,41,E",-3.054218256,-2.045091391
,,
"1Y3B,I,S,41,E",-2.747768608,-1.950010777
,,
"1Z7X,W,D,435,A",3.662430501,3.393139362
,,
"1Z7X,W,E,287,A",1.321324587,0.490442187
,,
"1Z7X,W,E,401,A",1.306325001,0.957626045
,,
"1Z7X,W,I,459,A",0.337421089,1.077723742
,,
"1Z7X,W,K,320,A",1.321324587,0.664294839
,,
"1Z7X,W,R,457,A",0.848247118,0.622092783
,,
"1Z7X,W,S,289,A",0.814383502,0.42929095
,,
"1Z7X,W,W,261,A",1.335953774,0.730995059
,,
"1Z7X,W,W,263,A",2.212418224,1.622264981
,,
"1Z7X,W,W,318,A",0.993470405,0.980342209
,,
"1Z7X,W,W,375,A",1.669559962,1.455978513
,,
"1Z7X,W,Y,434,A",5.955931219,2.997404337
,,
"1Z7X,W,Y,434,F",0.120622605,0.710525632
,,
"1Z7X,W,Y,437,A",2.624135438,0.989545703
,,
"1Z7X,W,Y,437,F",2.166057555,0.459283173
,,
"2A9K,B,G,55,D",2.31768579,-0.684589088
,,
"2AJF,E,N,151,K",2.012603031,0.858044267
,,
"2AJF,E,T,159,S",1.823934487,1.408175468
,,
"2B0Z,B,I,87,F",-2.528998568,-2.204417229
,,
"2B10,B,S,87,F",-1.164827462,-2.393886089
,,
"2B11,B,W,87,F",-0.75417104,0.122744679
,,
"2B12,B,Y,87,F",-1.575483884,-0.395346105
,,
"2B42,A,H,357,A",1.638458366,0.889814854
,,
"2B42,A,H,357,K",2.567787978,2.132645845
,,
"2B42,A,H,357,Q",1.076115622,1.458079338
,,
"2BTF,P,F,59,A",1.595740626,0.789581656
,,
"2BTF,P,G,120,F",1.720931118,1.816153049
,,
"2BTF,P,K,125,A",0.460056022,0.893715203
,,
"2BTF,P,V,60,E",0.978729212,1.223818541
,,
"2FTL,I,G,12,A",4.392778412,2.516162157
,,
"2FTL,I,G,36,A",2.21438978,2.268874168
,,
"2FTL,I,I,18,A",5.021842931,1.833031774
,,
"2FTL,I,K,15,A",10.15919781,9.308568954
,,
"2FTL,I,K,15,D",11.50271777,10.62969875
,,
"2FTL,I,K,15,E",9.424007251,9.072770119
,,
"2FTL,I,K,15,F",7.027210522,8.550544739
,,
"2FTL,I,K,15,G",12.35222629,9.997979164
,,
"2FTL,I,K,15,H",8.781781309,7.692768574
,,
"2FTL,I,K,15,I",11.17145168,10.42123032
,,
"2FTL,I,K,15,L",8.864103377,7.622458458
,,
"2FTL,I,K,15,M",7.692373484,8.965808868
,,
"2FTL,I,K,15,N",8.033104453,11.06845474
,,
"2FTL,I,K,15,Q",9.370644021,10.29550648
,,
"2FTL,I,K,15,S",7.723918302,10.86261559
,,
"2FTL,I,K,15,T",10.5974838,11.00420189
,,
"2FTL,I,K,15,V",11.75644364,10.43710518
,,
"2FTL,I,K,15,W",8.664118898,8.907619476
,,
"2FTL,I,K,15,Y",6.857009736,9.056050301
,,
"2G2U,A,D,79,K",-0.452887112,3.8321805
,,
"2G2U,B,E,31,A",0.65087503,0.055314511
,,
"2G2U,B,E,73,A",-1.979437447,-0.831000328
,,
"2G2U,B,E,73,M",-3.536034871,-1.532654047
,,
"2G2U,B,F,142,A",0.275827297,0.318075359
,,
"2G2U,B,F,36,A",2.763950901,2.733565807
,,
"2G2U,B,G,141,A",-0.413810566,-0.566317081
,,
"2G2U,B,G,48,A",-0.426597796,1.377316594
,,
"2G2U,B,H,148,A",1.118950652,1.714200735
,,
"2G2U,B,H,41,A",1.717048637,2.751347542
,,
"2G2U,B,K,74,A",-0.217335214,3.541756153
,,
"2G2U,B,R,144,A",-0.342392195,-1.02493012
,,
"2G2U,B,R,160,A",0.669793827,2.284852505
,,
"2G2U,B,S,113,A",-0.612311462,-0.116496861
,,
"2G2U,B,S,35,A",-0.950898998,-0.472728461
,,
"2G2U,B,S,39,A",-0.95614197,0.688781738
,,
"2G2U,B,S,71,A",-0.512207359,0.407276958
,,
"2G2U,B,W,112,A",0.958734559,2.619673014
,,
"2G2U,B,W,150,A",1.785221689,1.481614828
,,
"2G2U,B,W,162,A",0.531210037,2.940981388
,,
"2G2U,B,Y,143,A",-1.847235607,0.366706371
,,
"2G2U,B,Y,50,A",-2.075722109,-0.415096462
,,
"2G2U,B,Y,51,A",-0.628748763,1.031871676
,,
"2G2U,B,Y,53,A",2.301744416,0.601458311
,,
"2G2W,A,K,79,D",0.452887112,0.87059623
,,
"2GOX,B,N,38,A",1.569529543,1.437731743
,,
"2GOX,B,R,31,A",2.246740107,1.599540949
,,
"2HLE,A,K,141,Q",-0.410656422,0.899347782
,,
"2HLE,A,L,87,R",2.287296976,0.760889411
,,
"2HRK,A,K,140,A",0.953514684,1.26473403
,,
"2HRK,A,T,108,V",0.721069691,0.722170055
,,
"2HRK,B,T,55,V",0.62420066,0.987381279
,,
"2I26,N,A,29,V",0.030388814,0.665842474
,,
"2I9B,E,K,131,A",0.67427833,0.234968185
,,
"2I9B,E,R,129,A",-0.287640069,0.284616679
,,
"2J0T,D,C,70,S",4.308546854,1.578826904
,,
"2J0T,D,M,66,A",1.642625689,0.836874723
,,
"2J0T,D,S,68,A",2.106373012,0.35992682
,,
"2J0T,D,S,68,E",2.18548395,2.194651604
,,
"2J0T,D,S,68,R",2.83635898,3.377793312
,,
"2J0T,D,S,68,Y",2.978353638,1.363523722
,,
"2J0T,D,T,2,A",4.289029024,1.569744587
,,
"2J0T,D,T,2,L",2.682153742,3.382040501
,,
"2J0T,D,T,2,R",5.046028002,1.682619572
,,
"2J0T,D,T,2,S",1.594432303,2.516865015
,,
"2J0T,D,V,4,A",0,0.924455464
,,
"2J0T,D,V,4,I",1.642625689,0.400190204
,,
"2J0T,D,V,4,K",1.82452328,2.792408466
,,
"2J0T,D,V,4,S",0.982420513,1.048852324
,,
"2J0T,D,V,69,I",0.79092403,0.289525211
,,
"2J0T,D,V,69,T",-0.075735135,1.297264338
,,
"2J1K,C,G,10,D",0.183751903,-0.295982659
,,
"2J1K,C,R,24,A",0.764846139,2.021044493
,,
"2NU0,I,W,13,L",-1.865207995,-2.066167593
,,
"2NU1,I,H,13,L",-1.713875675,-3.103838921
,,
"2NU2,I,R,13,L",-3.366955333,-3.052128792
,,
"2NU4,I,K,13,L",-3.182076024,-3.016510487
,,
"2O3B,B,D,75,E",5.437874845,1.440778017
,,
"2O3B,B,D,75,N",5.903258024,1.392953873
,,
"2O3B,B,E,24,A",5.474915155,4.206860065
,,
"2O3B,B,E,24,D",0.599324967,1.16441381
,,
"2O3B,B,E,24,Q",5.398363408,2.624878883
,,
"2O3B,B,Q,74,A",3.232964499,-0.060686529
,,
"2O3B,B,W,76,A",4.073703739,1.825109363
,,
"2OOB,A,G,13,S",0.235363947,0.033328652
,,
"2PCB,A,A,193,F",0.73367727,0.439567536
,,
"2PCB,A,D,34,N",0.821312844,0.523220658
,,
"2PCB,A,E,290,N",0.871008596,2.832465649
,,
"2PCB,A,E,32,Q",0.60575308,-0.284215271
,,
"2PCB,A,E,35,Q",0.676007267,0.350203514
,,
"2PCC,B,A,86,G",1.901855082,1.242096305
,,
"2PCC,A,D,34,A",-0.897047979,1.069170475
,,
"2PCC,A,E,290,A",6.202554775,1.012687802
,,
"2PCC,B,K,77,A",0.303669111,3.425114632
,,
"2PCC,B,K,92,A",0.901870945,1.419906735
,,
"2PCC,A,V,197,A",2.10268171,1.200202584
,,
"2SGP,I,P,13,L",-8.445844918,-3.265683174
,,
"2SGQ,I,Q,13,L",-2.603540979,-3.050965309
,,
"2SIC,I,M,67,A",0.217859275,0.428937614
,,
"2SIC,I,M,67,D",0.751532051,1.538283587
,,
"2SIC,I,M,67,E",0.796098316,0.586249113
,,
"2SIC,I,M,67,G",0.145223287,0.732729077
,,
"2SIC,I,M,67,H",0.217859275,0.090029538
,,
"2SIC,I,M,67,I",1.604389714,0.374867201
,,
"2SIC,I,M,67,K",0,0.210752189
,,
"2SIC,I,M,67,L",-0.240218608,0.297792405
,,
"2SIC,I,M,67,R",0,0.646957397
,,
"2SIC,I,M,67,V",0.713296076,0.682688355
,,
"2VLN,B,A,75,N",-2.335586003,-0.585501373
,,
"2VLO,B,A,95,K",-1.96051476,0.060764194
,,
"2VLQ,B,A,86,F",-3.880681073,-0.364157796
,,
"2WPT,A,D,30,A",-0.13220184,-0.200446784
,,
"2WPT,A,D,30,L",-3.403402314,-0.199852526
,,
"2WPT,A,E,27,A",1.733952565,0.522137403
,,
"2WPT,A,E,38,A",4.50316974,1.922767401
,,
"2WPT,B,F,79,A",1.170180844,3.432426691
,,
"2WPT,B,K,90,A",0.497408357,1.817794919
,,
"2WPT,A,N,31,A",-0.379872772,1.021331429
,,
"2WPT,A,N,31,V",-0.897047979,-0.019046426
,,
"2WPT,B,N,65,A",0.917825329,1.045112371
,,
"2WPT,B,N,68,A",1.237638707,2.022749424
,,
"2WPT,A,P,53,A",2.927685856,1.493129611
,,
"2WPT,B,Q,85,A",0.900138882,0.440345466
,,
"2WPT,A,R,35,A",-1.110931052,0.590830028
,,
"2WPT,A,R,35,T",-1.038295063,-0.0188995
,,
"2WPT,B,R,47,A",1.134342697,1.514010072
,,
"2WPT,A,S,47,A",2.425702558,1.958402872
,,
"2WPT,B,S,67,A",-0.84930791,0.471462786
,,
"2WPT,B,S,70,A",-0.611642978,0.102490723
,,
"2WPT,B,S,71,A",-0.149543136,-0.164455116
,,
"2WPT,B,S,77,A",-0.093609931,0.394653082
,,
"2WPT,B,T,80,A",0.526220451,0.723958194
,,
"2WPT,A,V,34,A",3.80930006,1.780261517
,,
"2WPT,B,V,91,A",0.119301909,1.030659199
,,
"3BK3,C,A,37,R",1.382728166,0.824353039
,,
"3BK3,C,I,19,A",0.486391557,0.923706055
,,
"3BK3,C,I,19,R",0.42397051,0.913019061
,,
"3BK3,C,I,22,A",1.307704401,1.708926439
,,
"3BK3,C,I,22,R",2.121564921,1.720690727
,,
"3BK3,C,I,28,A",1.261515931,1.291190386
,,
"3BK3,C,I,28,R",1.175502561,1.604853868
,,
"3BK3,C,I,3,A",1.038654016,1.687649012
,,
"3BK3,C,I,3,R",0.65087503,0.876550794
,,
"3BK3,C,L,2,A",0,0.108483136
,,
"3BK3,C,L,2,R",0.026335535,-0.574358702
,,
"3BK3,C,T,4,P",0.486391557,0.04215318
,,
"3BK3,C,T,6,P",1.743019667,1.808857441
,,
"3BP8,C,A,51,F",0.615494251,0.22192958
,,
"3BP8,A,F,115,A",0.708987316,2.061214685
,,
"3BTD,I,D,13,K",-11.50271777,-12.3266716
,,
"3BTE,I,E,13,K",-9.424007251,-11.19594765
,,
"3BTF,I,F,13,K",-7.027210522,-7.223302841
,,
"3BTG,I,G,13,K",-12.35222629,-12.33792305
,,
"3BTH,I,H,13,K",-8.781781309,-10.71099377
,,
"3BTM,I,M,13,K",-7.692373484,-6.017229557
,,
"3BTQ,I,Q,13,K",-9.370644021,-10.0498085
,,
"3BTT,I,T,13,K",-10.5974838,-9.971829414
,,
"3BTW,I,W,13,K",-8.664118898,-9.276316643
,,
"3D5R,C,A,38,N",-1.569529543,-1.568262219
,,
"3D5S,C,A,31,R",-2.246740107,-1.563115478
,,
"3SGB,I,A,9,C",0.041536552,-0.84188962
,,
"3SGB,I,A,9,D",0.476378045,2.188822269
,,
"3SGB,I,A,9,E",0.671474704,0.833853662
,,
"3SGB,I,A,9,F",-1.180639897,-0.2076931
,,
"3SGB,I,A,9,G",2.486466395,0.805943191
,,
"3SGB,I,A,9,H",-0.453188595,0.869350851
,,
"3SGB,I,A,9,I",-0.453188595,-0.424731404
,,
"3SGB,I,A,9,K",2.491424181,1.114854455
,,
"3SGB,I,A,9,L",0.168780605,-1.047883749
,,
"3SGB,I,A,9,M",0.088958013,-1.106281996
,,
"3SGB,I,A,9,N",-0.08912445,0.607671201
,,
"3SGB,I,A,9,P",0.552705336,1.807508111
,,
"3SGB,I,A,9,Q",0.430189575,0.522019744
,,
"3SGB,I,A,9,R",2.03564581,1.472731113
,,
"3SGB,I,A,9,S",0.910982511,0.72755301
,,
"3SGB,I,A,9,T",0.331072468,0.549331009
,,
"3SGB,I,A,9,V",-0.784734079,-0.84490031
,,
"3SGB,I,A,9,W",-1.553667676,-0.369428039
,,
"3SGB,I,A,9,Y",-1.647277607,-0.44937548
,,
"3SGB,I,E,13,A",1.019236307,0.902829528
,,
"3SGB,I,E,13,C",1.174674536,1.069700956
,,
"3SGB,I,E,13,D",0.552705336,0.56341815
,,
"3SGB,I,E,13,F",1.943608133,1.391493082
,,
"3SGB,I,E,13,G",2.104952831,1.558319211
,,
"3SGB,I,E,13,H",0.526073797,0.744727492
,,
"3SGB,I,E,13,I",-0.623389381,0.656276107
,,
"3SGB,I,E,13,K",0.168780605,1.589035749
,,
"3SGB,I,E,13,L",0.779313851,0.385818809
,,
"3SGB,I,E,13,M",-0.18949657,0.98487246
,,
"3SGB,I,E,13,N",1.102038547,1.23336935
,,
"3SGB,I,E,13,P",2.275153617,2.355321646
,,
"3SGB,I,E,13,Q",0.183531209,0.745525122
,,
"3SGB,I,E,13,R",1.275046656,1.304414272
,,
"3SGB,I,E,13,S",1.943608133,1.584572077
,,
"3SGB,I,E,13,T",2.143484958,1.503566504
,,
"3SGB,I,E,13,V",0.127549921,0.773897886
,,
"3SGB,I,E,13,W",1.547702315,1.091324449
,,
"3SGB,I,E,13,Y",0.779313851,1.042390347
,,
"3SGB,I,G,26,A",1.222796709,1.595465302
,,
"3SGB,I,G,26,C",2.611656887,1.564210534
,,
"3SGB,I,G,26,D",1.624989388,2.579879284
,,
"3SGB,I,G,26,E",1.972750991,2.31195879
,,
"3SGB,I,G,26,F",3.022313309,1.766813397
,,
"3SGB,I,G,26,H",2.738189286,2.011147499
,,
"3SGB,I,G,26,I",4.092513318,2.76757288
,,
"3SGB,I,G,26,K",2.52501345,3.3598876
,,
"3SGB,I,G,26,L",2.658147551,3.26152873
,,
"3SGB,I,G,26,M",2.805795941,2.201017618
,,
"3SGB,I,G,26,N",2.275153617,2.155286312
,,
"3SGB,I,G,26,P",1.096864261,1.265145183
,,
"3SGB,I,G,26,Q",2.956298911,2.634015799
,,
"3SGB,I,G,26,R",3.507656064,4.115438461
,,
"3SGB,I,G,26,S",1.60769029,1.453530788
,,
"3SGB,I,G,26,T",3.040177536,2.575448513
,,
"3SGB,I,G,26,V",2.728342212,2.456929207
,,
"3SGB,I,G,26,W",3.912061992,3.230098248
,,
"3SGB,I,G,26,Y",3.096110741,2.540292263
,,
"3SGB,I,K,7,A",-2.572140678,-0.554314733
,,
"3SGB,I,K,7,C",-0.584857255,-0.925883412
,,
"3SGB,I,K,7,D",-0.623389381,-0.885520637
,,
"3SGB,I,K,7,E",0.032206406,-0.817875326
,,
"3SGB,I,K,7,F",-0.725557985,-0.24124223
,,
"3SGB,I,K,7,G",-0.725557985,-0.844335198
,,
"3SGB,I,K,7,H",-0.401460752,-0.879944086
,,
"3SGB,I,K,7,I",-1.344637953,0.307993114
,,
"3SGB,I,K,7,L",-1.817359701,-0.914328992
,,
"3SGB,I,K,7,M",-1.166247643,-0.663897514
,,
"3SGB,I,K,7,N",-0.659543587,-1.243172646
,,
"3SGB,I,K,7,P",0,0.985668898
,,
"3SGB,I,K,7,Q",-0.623389381,-0.49430573
,,
"3SGB,I,K,7,R",-0.692696402,0.014503896
,,
"3SGB,I,K,7,S",-2.587596824,-0.391317546
,,
"3SGB,I,K,7,T",-1.949028361,-0.096921951
,,
"3SGB,I,K,7,V",-0.955171893,-0.163912743
,,
"3SGB,I,K,7,W",-0.013389315,-0.328371406
,,
"3SGB,I,K,7,Y",-0.584857255,-0.253649831
,,
"3SGB,I,L,12,A",2.989160494,1.305505753
,,
"3SGB,I,L,12,C",-0.013389315,0.393597662
,,
"3SGB,I,L,12,D",5.66865879,5.871998787
,,
"3SGB,I,L,12,E",5.982758221,5.11789465
,,
"3SGB,I,L,12,F",1.37401818,2.551419735
,,
"3SGB,I,L,12,G",5.003495829,3.649501085
,,
"3SGB,I,L,12,H",1.713875675,3.922716618
,,
"3SGB,I,L,12,I",4.481255789,2.475290537
,,
"3SGB,I,L,12,K",3.182076024,3.640787125
,,
"3SGB,I,L,12,M",0.430189575,0.893716335
,,
"3SGB,I,L,12,N",3.399816916,4.279508591
,,
"3SGB,I,L,12,P",8.445844918,7.052985668
,,
"3SGB,I,L,12,Q",2.603540979,2.041027069
,,
"3SGB,I,L,12,R",3.366955333,5.217432976
,,
"3SGB,I,L,12,S",4.158234941,2.638762951
,,
"3SGB,I,L,12,T",3.204720258,1.309751987
,,
"3SGB,I,L,12,V",3.040177536,2.936281681
,,
"3SGB,I,L,12,W",1.865207995,5.454297066
,,
"3SGB,I,L,12,Y",1.67600643,3.614119291
,,
"3SGB,I,N,30,A",0.331072468,-0.121129513
,,
"3SGB,I,N,30,C",0.349704569,0.669730425
,,
"3SGB,I,N,30,D",0.910982511,0.054741979
,,
"3SGB,I,N,30,E",0.962710354,-0.705701351
,,
"3SGB,I,N,30,F",-0.141374397,0.569891632
,,
"3SGB,I,N,30,G",0.311835324,0.309587419
,,
"3SGB,I,N,30,H",-0.124801233,0.186499119
,,
"3SGB,I,N,30,I",0.197923463,0.427618116
,,
"3SGB,I,N,30,K",0.579437027,1.641028404
,,
"3SGB,I,N,30,L",0.740781725,0.458745301
,,
"3SGB,I,N,30,M",0.140745388,0.722673297
,,
"3SGB,I,N,30,P",0.579437027,-0.984596789
,,
"3SGB,I,N,30,Q",0.243519184,0.419741601
,,
"3SGB,I,N,30,R",0.579437027,0.854001999
,,
"3SGB,I,N,30,S",0.408999213,0.167632103
,,
"3SGB,I,N,30,T",0.009847074,0.441905856
,,
"3SGB,I,N,30,V",-0.241875817,0.135641456
,,
"3SGB,I,N,30,W",0.526073797,0.619036913
,,
"3SGB,I,N,30,Y",-0.108679096,0.345751703
,,
"3SGB,I,P,8,A",-0.18949657,0.149895847
,,
"3SGB,I,P,8,C",-0.327422628,-0.542097926
,,
"3SGB,I,P,8,D",-1.033098638,-0.493671715
,,
"3SGB,I,P,8,E",-0.623389381,-1.610693216
,,
"3SGB,I,P,8,F",-0.344934799,0.079394042
,,
"3SGB,I,P,8,G",0.053752489,0.140182316
,,
"3SGB,I,P,8,H",0.277626557,-0.21223855
,,
"3SGB,I,P,8,I",-0.023633697,0.042345226
,,
"3SGB,I,P,8,K",0.114053848,-0.00658673
,,
"3SGB,I,P,8,L",-0.141374397,-0.033558071
,,
"3SGB,I,P,8,M",-0.50055079,-0.084933996
,,
"3SGB,I,P,8,N",-0.124801233,-0.195628881
,,
"3SGB,I,P,8,Q",-0.316028969,0.028578103
,,
"3SGB,I,P,8,R",0.311835324,0.175380945
,,
"3SGB,I,P,8,S",0.065721623,-0.212711394
,,
"3SGB,I,P,8,T",-0.108679096,0.06045419
,,
"3SGB,I,P,8,V",-0.310413269,-0.141803443
,,
"3SGB,I,P,8,W",-0.50055079,-0.25149554
,,
"3SGB,I,P,8,Y",-0.401460752,-0.180396736
,,
"3SGB,I,R,15,A",0.053752489,0.249361813
,,
"3SGB,I,R,15,C",0.552705336,0.108268023
,,
"3SGB,I,R,15,D",0.638613121,0.085582733
,,
"3SGB,I,R,15,E",0.671474704,0.221734107
,,
"3SGB,I,R,15,F",0.227956699,0.399662495
,,
"3SGB,I,R,15,G",1.107168034,0.783346832
,,
"3SGB,I,R,15,H",0.453733812,0.148112535
,,
"3SGB,I,R,15,I",0.243519184,0.216687441
,,
"3SGB,I,R,15,K",-0.277792995,0.381065965
,,
"3SGB,I,R,15,L",0.227956699,0.056339502
,,
"3SGB,I,R,15,M",0.127549921,-0.23895216
,,
"3SGB,I,R,15,N",0.331072468,0.215083957
,,
"3SGB,I,R,15,P",7.684475846,2.732877254
,,
"3SGB,I,R,15,Q",0.041536552,0.006358147
,,
"3SGB,I,R,15,S",0.277626557,0.12893939
,,
"3SGB,I,R,15,T",0.453733812,0.171983063
,,
"3SGB,I,R,15,V",-0.023633697,0.122210413
,,
"3SGB,I,R,15,W",0.311835324,0.482075512
,,
"3SGB,I,R,15,Y",0.293971097,0.316263527
,,
"3SGB,I,T,11,A",3.591962528,2.993920803
,,
"3SGB,I,T,11,C",2.926265675,2.562289238
,,
"3SGB,I,T,11,D",4.956133634,5.325913906
,,
"3SGB,I,T,11,E",4.797140837,4.058452129
,,
"3SGB,I,T,11,F",3.639324723,2.044231892
,,
"3SGB,I,T,11,G",5.584234346,4.581215382
,,
"3SGB,I,T,11,H",3.507656064,2.142849922
,,
"3SGB,I,T,11,I",1.752913577,2.448749542
,,
"3SGB,I,T,11,K",2.03564581,3.067394018
,,
"3SGB,I,T,11,L",2.47133914,2.713709831
,,
"3SGB,I,T,11,M",2.03564581,2.557961464
,,
"3SGB,I,T,11,N",3.254416009,2.693681002
,,
"3SGB,I,T,11,P",3.182076024,5.514587879
,,
"3SGB,I,T,11,Q",2.940316578,3.02494812
,,
"3SGB,I,T,11,R",1.972750991,4.375842094
,,
"3SGB,I,T,11,S",2.466209653,2.277873278
,,
"3SGB,I,T,11,V",2.547890886,2.006425858
,,
"3SGB,I,T,11,W",3.040177536,3.534212589
,,
"3SGB,I,T,11,Y",3.366955333,2.454119682
,,
"3SGB,I,Y,14,A",1.943608133,2.183351994
,,
"3SGB,I,Y,14,C",1.695243574,2.363285542
,,
"3SGB,I,Y,14,D",2.911873421,3.330608606
,,
"3SGB,I,Y,14,E",2.03564581,3.421330452
,,
"3SGB,I,Y,14,F",0.168780605,1.162994146
,,
"3SGB,I,Y,14,G",2.842396061,2.750365973
,,
"3SGB,I,Y,14,H",1.713875675,2.11306262
,,
"3SGB,I,Y,14,I",3.591962528,2.307061195
,,
"3SGB,I,Y,14,K",3.432969731,3.506102562
,,
"3SGB,I,Y,14,L",1.576145472,1.640006304
,,
"3SGB,I,Y,14,M",2.002784227,1.997592926
,,
"3SGB,I,Y,14,N",3.158531788,2.816045523
,,
"3SGB,I,Y,14,P",6.276340059,3.918095589
,,
"3SGB,I,Y,14,Q",3.281047548,2.69004488
,,
"3SGB,I,Y,14,R",2.760548618,3.546160936
,,
"3SGB,I,Y,14,S",2.03564581,2.76138401
,,
"3SGB,I,Y,14,T",4.87182717,3.194244862
,,
"3SGB,I,Y,14,V",4.421689938,2.696433306
,,
"3SGB,I,Y,14,W",0.388742471,1.136818409
,,
"4CPA,I,P,35,G",2.596140373,2.06730032
,,
"4CPA,I,V,37,A",2.325532951,1.664090633
,,
"4CPA,I,V,37,F",0,0.813380957
,,
"4CPA,I,V,37,G",3.734722058,1.459614873
,,
"4CPA,I,V,37,I",0.199343644,1.068566561
,,
"4CPA,I,V,37,L",1.279390727,1.211601496
,,
"4CPA,I,Y,36,F",0,0.821519315
,,
"4CPA,I,Y,36,G",0.501983298,3.473774195
